# Authored Hong Kong vocabulary and clause fragments; hand-set priorities, not measured frequencies.
abha	明白	12000
abmk	明天	12000
aeyl	最近	12000
aeylbh	最近睇	30000
aeylgi	最近去	30000
aeyljuis	最近完成	30000
aeylmgyp	最近確認	30000
aeylmkyl	最近更新	30000
aeylok	最近做	30000
aeyloo	最近飲	30000
aeylov	最近食	30000
aeylvkmn	最近收到	30000
aeylwc	最近買	30000
aeylye	最近返	30000
aeylynmg	最近處理	30000
aiaa	時間	12000
arac	問題	12000
army	問下	12000
arry	問吓	12000
asmk	昨天	12000
atb	日期	12000
atoa	開會	12000
atrmoa	開咗會	30000
atsfoa	開緊會	30000
bhebdo	睇清楚	30000
bhju	睇完	12000
bhmy	睇下	12000
bhmyhu	睇下先	30000
bhrm	睇咗	12000
bhrrbh	睇唔睇	30000
bhry	睇吓	12000
bhsf	睇緊	12000
bhye	睇返	12000
bhyehu	睇返先	30000
bnye	刪返	12000
bqye	用返	12000
brjn	同事	12000
butn	目前	12000
cisr	公司	12000
dmmy	查下	12000
dmrm	整咗	12000
dmry	查吓	12000
dmvdrm	整好咗	30000
dmye	整返	12000
dodm	檢查	12000
doen	檢測	12000
dparmy	想問下	30000
dpor	想知	12000
euo	港人	12000
evie	濃度	12000
gbhi	幫我	12000
gbhibhmy	幫我睇下	30000
gbhibhye	幫我睇返	30000
gbhidmmy	幫我查下	30000
gbhidmye	幫我整返	30000
gbhimkyl	幫我更新	30000
gbhiqtmy	幫我搵下	30000
gbhiskye	幫我改返	30000
gbof	幫你	12000
gbos	幫佢	12000
gbq	幫手	12000
gbqbhmy	幫手睇下	30000
gbz	幫我	12000
gbzbhmy	幫我睇下	30000
gbzbhye	幫我睇返	30000
gbzdmmy	幫我查下	30000
gbzdmye	幫我整返	30000
gbzmkyl	幫我更新	30000
gbzqtmy	幫我搵下	30000
gbzskye	幫我改返	30000
gdgm	地址	12000
gehr	報告	12000
girm	去咗	12000
girrgi	去唔去	30000
giyr	去過	12000
giys	去邊	12000
haeu	香港	12000
hcqf	質素	12000
hiab	得閒	12000
hiaeyl	我最近	30000
hidp	我想	12000
hidpar	我想問	30000
hidpbh	我想睇	30000
hidpor	我想知	30000
hidpym	我想試	30000
higb	我幫	12000
higbof	我幫你	30000
higbos	我幫佢	30000
hihuhi	我覺得	30000
himljo	我而家	30000
himnj	等一陣	30000
himnjhu	等一陣先	30000
himrip	我可能	30000
hinj	等陣	12000
hinjhu	等陣先	30000
hiona	我今日	30000
hionau	我今晚	30000
hird	我哋	12000
hirdaeyl	我哋最近	30000
hirdmljo	我哋而家	30000
hirdmrip	我哋可能	30000
hirdona	我哋今日	30000
hirdonau	我哋今晚	30000
hirdsia	我哋尋日	30000
hirdspa	我哋聽日	30000
hirdsuvm	我哋已經	30000
hirdxuvm	我哋已經	30000
hirm	得咗	12000
hirn	得喇	12000
hirrhi	得唔得	30000
hirt	得啦	12000
hisia	我尋日	30000
hispa	我聽日	30000
hisuvm	我已經	30000
hixuvm	我已經	30000
hiyp	我諗	12000
hiypog	我諗住	30000
hlvo	所以	12000
hwye	留返	12000
icfc	麻煩	12000
icfcaw	麻煩晒	30000
icfcgbhi	麻煩幫我	30000
icfcgbz	麻煩幫我	30000
icfcof	麻煩你	30000
icfj	資料	12000
idfc	麻煩	12000
idfcaw	麻煩晒	30000
idfcgbhi	麻煩幫我	30000
idfcgbz	麻煩幫我	30000
idfcof	麻煩你	30000
iohe	之後	12000
iotn	之前	12000
ipyo	應該	12000
ipyoof	應該係	30000
jaai	暫時	12000
jcofniyi	真係多謝	30000
jcofrryo	真係唔該	30000
jdhi	未得	12000
jdhiog	未得住	30000
jdip	未能	12000
jdkb	未有	12000
jdok	未做	12000
jdokju	未做完	30000
jmod	空氣	12000
juis	完成	12000
jurm	完咗	12000
jvqy	安排	12000
kbarac	冇問題	30000
kbatof	冇關係	30000
kbaw	冇晒	12000
kbhlyb	冇所謂	30000
kbkb	有冇	12000
kbkbhi	有冇得	30000
kbkbtcod	有冇其他	30000
kbrq	冇咩	12000
kbrq	有咩	12000
kbxb	有冇	12000
kbxbhi	有冇得	30000
kbxbtcod	有冇其他	30000
krye	加返	12000
lkjd	數字	12000
lkqo	數據	12000
llyb	申請	12000
lyk	中文	12000
mbbhmy	再睇下	30000
mbym	再試	12000
mbymmy	再試下	30000
mcfj	資料	12000
mchu	頭先	12000
mfyr	不過	12000
mgyp	確認	12000
mkyl	更新	12000
mkylye	更新返	30000
mljo	而家	12000
mljobh	而家睇	30000
mljogi	而家去	30000
mljohu	而家先	30000
mljojuis	而家完成	30000
mljomgyp	而家確認	30000
mljomkyl	而家更新	30000
mljook	而家做	30000
mljooo	而家飲	30000
mljoov	而家食	30000
mljovkmn	而家收到	30000
mljowc	而家買	30000
mljoye	而家返	30000
mljoynmg	而家處理	30000
mlmv	需要	12000
mmos	工作	12000
mna	琴日	12000
mnj	一陣	12000
mnjaa	一陣間	30000
mnjhu	一陣先	30000
mripbh	可能睇	30000
mripgi	可能去	30000
mripjuis	可能完成	30000
mripmgyp	可能確認	30000
mripmkyl	可能更新	30000
mripok	可能做	30000
mripoo	可能飲	30000
mripov	可能食	30000
mripvkmn	可能收到	30000
mripwc	可能買	30000
mripye	可能返	30000
mripynmg	可能處理	30000
mrrrmrvo	可唔可以	30000
mrvo	可以	12000
mrvorh	可以呀	30000
mtjn	研究	12000
mtjnmmy	研究一下	30000
mtjnmy	研究下	30000
muhl	電郵	12000
mukg	現在	12000
muyr	電話	12000
mvgu	環境	12000
mylm	下晝	12000
niyi	多謝	12000
niyiaw	多謝晒	30000
nqyi	建議	12000
oayi	會議	12000
ofaeyl	你最近	30000
ofbt	繁體	12000
ofdpar	你想問	30000
ofgb	你幫	12000
ofgbhi	你幫我	30000
ofgbz	你幫我	30000
ofmljo	你而家	30000
ofmrip	你可能	30000
ofona	你今日	30000
ofonau	你今晚	30000
ofrd	你哋	12000
ofrd	係咪	12000
ofrdaeyl	你哋最近	30000
ofrdhi	係咪得	30000
ofrdmljo	你哋而家	30000
ofrdmrip	你哋可能	30000
ofrdona	你哋今日	30000
ofrdonau	你哋今晚	30000
ofrdrm	係咪咁	30000
ofrdsia	你哋尋日	30000
ofrdspa	你哋聽日	30000
ofrdsuvm	你哋已經	30000
ofrdxuvm	你哋已經	30000
ofrrof	係唔係	30000
ofsia	你尋日	30000
ofspa	你聽日	30000
ofsuvm	你已經	30000
ofxuvm	你已經	30000
oia	每日	12000
oib	每月	12000
oioq	每年	12000
okju	做完	12000
okrm	做咗	12000
okrrok	做唔做	30000
oksf	做緊	12000
okvd	做好	12000
oljd	仲未	12000
oljdhi	仲未得	30000
oljdkb	仲未有	30000
olkb	仲有	12000
omao	但是	12000
ona	今日	12000
onabh	今日睇	30000
onagi	今日去	30000
onajuis	今日完成	30000
onamgyp	今日確認	30000
onamkyl	今日更新	30000
onaok	今日做	30000
onaoo	今日飲	30000
onaov	今日食	30000
onau	今晚	12000
onaubh	今晚睇	30000
onaugi	今晚去	30000
onaujuis	今晚完成	30000
onaumgyp	今晚確認	30000
onaumkyl	今晚更新	30000
onauok	今晚做	30000
onauoo	今晚飲	30000
onauov	今晚食	30000
onauvkmn	今晚收到	30000
onauwc	今晚買	30000
onauye	今晚返	30000
onauynmg	今晚處理	30000
onavkmn	今日收到	30000
onawc	今日買	30000
onaye	今日返	30000
onaynmg	今日處理	30000
onio	今次	12000
onjb	今朝	12000
onmk	今天	12000
onmo	今次	12000
oorm	飲咗	12000
oorroo	飲唔飲	30000
oqie	健康	12000
orrror	知唔知	30000
osaeyl	佢最近	30000
osgb	佢幫	12000
osgbhi	佢幫我	30000
osgbz	佢幫我	30000
osmljo	佢而家	30000
osmrip	佢可能	30000
osona	佢今日	30000
osonau	佢今晚	30000
osrd	佢哋	12000
osrdaeyl	佢哋最近	30000
osrdmljo	佢哋而家	30000
osrdmrip	佢哋可能	30000
osrdona	佢哋今日	30000
osrdonau	佢哋今晚	30000
osrdsia	佢哋尋日	30000
osrdspa	佢哋聽日	30000
osrdsuvm	佢哋已經	30000
osrdxuvm	佢哋已經	30000
ossia	佢尋日	30000
osspa	佢聽日	30000
ossuvm	佢已經	30000
osxuvm	佢已經	30000
ovjo	依家	12000
ovju	食完	12000
ovjujd	食完未	30000
ovjuoe	食完飯	30000
ovrmjd	食咗未	30000
ovrmoe	食咗飯	30000
ovrmoejd	食咗飯未	30000
ovrmrq	食咗咩	30000
ovrq	食咩	12000
ovrrov	食唔食	30000
ovsf	食緊	12000
ovsfoe	食緊飯	30000
pbeu	情況	12000
ppjk	比較	12000
qalk	指數	12000
qfye	揀返	12000
qnye	打返	12000
qooc	提供	12000
qoye	撳返	12000
qrgdcg	搭地鐵	30000
qrsfjj	搭緊車	30000
qtmy	搵下	12000
qtry	搵吓	12000
qtye	搵返	12000
rfie	喺度	12000
rfys	喺邊	12000
rmde	咁樣	12000
rmdehi	咁樣得	30000
rmdehirrhi	咁樣得唔得	30000
rmjlhi	咁都得	30000
rmwr	咁點	12000
rmwrht	咁點算	30000
rmyu	咁就	12000
rmyuhi	咁就得	30000
rpie	呢度	12000
rpor	呢個	12000
rpri	呢啲	12000
rqjn	咩事	12000
rrabha	唔明白	30000
rraw	啱晒	12000
rrhi	唔得	12000
rrie	嗰度	12000
rrof	唔係	12000
rrok	唔使	12000
rroknp	唔使急	30000
rrokog	唔使住	30000
rror	唔知	12000
rror	嗰個	12000
rroryu	唔知道	30000
rrri	嗰啲	12000
rrrr	唔啱	12000
rrrr	啱啱	12000
rrrrhu	啱啱先	30000
rrrrvd	啱啱好	30000
rrsfmv	唔緊要	30000
rryo	唔該	12000
rryoaw	唔該晒	30000
rryoawof	唔該晒你	30000
rryogbhi	唔該幫我	30000
rryogbz	唔該幫我	30000
rryoof	唔該你	30000
rryoofhu	唔該你先	30000
rrysok	唔方便	30000
rryuhi	唔記得	30000
rsny	另外	12000
rvye	跟返	12000
sia	尋日	12000
siabh	尋日睇	30000
siagi	尋日去	30000
siajuis	尋日完成	30000
siamgyp	尋日確認	30000
siamkyl	尋日更新	30000
siaok	尋日做	30000
siaoo	尋日飲	30000
siaov	尋日食	30000
siavkmn	尋日收到	30000
siawc	尋日買	30000
siaye	尋日返	30000
siaynmg	尋日處理	30000
skrm	改咗	12000
skvdrm	改好咗	30000
skye	改返	12000
spa	聽日	12000
spabh	聽日睇	30000
spagi	聽日去	30000
spajuis	聽日完成	30000
spamgyp	聽日確認	30000
spamkyl	聽日更新	30000
spaok	聽日做	30000
spaoo	聽日飲	30000
spaov	聽日食	30000
spau	聽晚	12000
spavkmn	聽日收到	30000
spawc	聽日買	30000
spaye	聽日返	30000
spaynmg	聽日處理	30000
spjb	聽朝	12000
sten	監測	12000
stvr	聯絡	12000
suvm	已經	12000
suvmbh	已經睇	30000
suvmgi	已經去	30000
suvmjuis	已經完成	30000
suvmmgyp	已經確認	30000
suvmmkyl	已經更新	30000
suvmok	已經做	30000
suvmoo	已經飲	30000
suvmov	已經食	30000
suvmvkmn	已經收到	30000
suvmwc	已經買	30000
suvmye	已經返	30000
suvmynmg	已經處理	30000
tkyk	英文	12000
vdoo	好似	12000
vdooof	好似係	30000
vdrh	好呀	12000
vdrr	好喎	12000
vdrrvd	好唔好	30000
vdrt	好啦	12000
vdru	好嘅	12000
viai	幾時	12000
vimi	幾耐	12000
vini	幾多	12000
vinici	幾多錢	30000
vkmn	收到	12000
vkrmmm	收咗工	30000
vrwd	如果	12000
vrwd	結果	12000
wcrm	買咗	12000
wcrn	買嘢	12000
wcrrwc	買唔買	30000
wkif	因為	12000
wrde	點樣	12000
wrdebq	點樣用	30000
wrdeok	點樣做	30000
wrhu	點先	12000
wrhuhi	點先得	30000
wrnq	點解	12000
wrok	點做	12000
wrrh	點呀	12000
wwqv	圖表	12000
xbarac	冇問題	30000
xbatof	冇關係	30000
xbaw	冇晒	12000
xbhlyb	冇所謂	30000
xbrq	冇咩	12000
xuvm	已經	12000
xuvmbh	已經睇	30000
xuvmgi	已經去	30000
xuvmjuis	已經完成	30000
xuvmmgyp	已經確認	30000
xuvmmkyl	已經更新	30000
xuvmok	已經做	30000
xuvmoo	已經飲	30000
xuvmov	已經食	30000
xuvmvkmn	已經收到	30000
xuvmwc	已經買	30000
xuvmye	已經返	30000
xuvmynmg	已經處理	30000
ybar	請問	12000
ybmgyp	請確認	30000
ybof	請你	12000
ybor	通知	12000
ybqooc	請提供	30000
yegi	返去	12000
yemm	返工	12000
yemn	返到	12000
yemnsgom	返到屋企	30000
yere	返嚟	12000
yerrye	返唔返	30000
yesfmm	返緊工	30000
yiyi	謝謝	12000
ykau	夜晚	12000
ykmm	放工	12000
ykoq	文件	12000
ykrmmm	放咗工	30000
ymmy	試下	12000
ymmyhu	試下先	30000
ymry	試吓	12000
ynmg	處理	12000
ypmy	諗下	12000
ypog	諗住	12000
ypry	諗吓	12000
yqri	遲啲	12000
yqrihu	遲啲先	30000
yrgi	過去	12000
yrre	過嚟	12000
ysie	邊度	12000
ysor	邊個	12000
ysri	邊啲	12000
zaeyl	我最近	30000
zdp	我想	12000
zdpar	我想問	30000
zdpbh	我想睇	30000
zdpor	我想知	30000
zdpym	我想試	30000
zgb	我幫	12000
zgbof	我幫你	30000
zgbos	我幫佢	30000
zhuhi	我覺得	30000
zmljo	我而家	30000
zmrip	我可能	30000
zona	我今日	30000
zonau	我今晚	30000
zrd	我哋	12000
zrdaeyl	我哋最近	30000
zrdmljo	我哋而家	30000
zrdmrip	我哋可能	30000
zrdona	我哋今日	30000
zrdonau	我哋今晚	30000
zrdsia	我哋尋日	30000
zrdspa	我哋聽日	30000
zrdsuvm	我哋已經	30000
zrdxuvm	我哋已經	30000
zsia	我尋日	30000
zspa	我聽日	30000
zsuvm	我已經	30000
zxuvm	我已經	30000
zyp	我諗	12000
zypog	我諗住	30000
