	gbhimeyeoryjhp	幫我覆返個訊息
	ofmermoryjhpjd	你覆咗個訊息未
	hisuvmmermmuhl	我已經覆咗電郵
	gbhimgypohykoq	幫我確認份文件
	hispamvajoa	我聽日要開會
	ofonaviwrykmm	你今日幾點放工
	himljoyesfmm	我而家返緊工
	hivkmmhumeof	我收工先覆你
	himljoqrsfaujm	我而家搭緊巴士
	ofqrgdcgjoaujm	你搭地鐵定巴士
	hirfjjyrhiof	我喺車站等你
	rpiejgjjvdmi	呢度塞車好耐
	hitrjjmbqnwlof	我落車再打畀你
	ofviaiyemnsgom	你幾時返到屋企
	onaumyxovoe	今晚一齊食飯
	ofdpovrqnygc	你想食咩外賣
	gbhiwcdfrrry	幫我買杯咖啡
	hidpoodfvstd	我想飲杯奶茶
	hirdviwrovojyv	我哋幾點食午餐
	ofynrmyvipjd	你訂咗餐廳未
	hisuvmtrrmrj	我已經落咗單
	ofvkmnoqocjd	你收到件貨未
	gbhimgyporgdgm	幫我確認個地址
	ofdpykocjohuse	你想送貨定自取
	hispagivkoc	我聽日去收貨
	ofjirmciwlhijd	你轉咗錢畀我未
	hidpllybyvgo	我想申請退款
	gbhidmmynvynrj	幫我查下張訂單
	higbofqtyeohykoq	我幫你搵返份文件
	ofspahirrhiab	你聽日得唔得閒
	rroknppepere	唔使急慢慢嚟
	hikbaiaambmeof	我有時間再覆你
