	ofykyemsydwljphb	你交返功課畀老師
	hiykrmmsydwljphb	我交咗功課畀老師
	ofykrmykoqwlbrjnjd	你交咗文件畀同事未
	ofjfrmgehrwlbrjnjd	你寫咗報告畀同事未
	osykrmmsydwljphbjd	佢交咗功課畀老師未
	hiykrmykoqwljpvw	我交咗文件畀老細
	ofjrrmykoqwlbrjnjd	你寄咗文件畀同事未
	hijrrmykoqwlof	我寄咗文件畀你
	osykrmykoqwlbrjn	佢送咗文件畀同事
	ofykyeykoqwljpvw	你交返文件畀老細
	hiykyxmsydwljphb	我交齊功課畀老師
	ofykrmgehrwljphbjd	你交咗報告畀老師未
	ofoirmykoqwlbrjnjd	你傳咗文件畀同事未
	hioirmykoqwlof	我傳咗文件畀你
	ofqirmykoqwljpvwjd	你拎咗文件畀老細未
	hikbrmykoqwlbrjn	我帶咗文件畀同事
	ofhwrmicfjwlbrjnjd	你留咗資料畀同事未
	oswcrmrnwlbbke	佢買咗嘢畀朋友
	ofykrmithhwlbbkejd	你送咗禮物畀朋友未
	hijrrmykoqwljrhs	我寄咗文件畀客戶
	ofyksfykoqwlbrjn	你交緊文件畀同事
	ofmermbrjnjd	你覆咗同事未
	ofmeyejpvwjd	你覆返老細未
	himermbrjn	我覆咗同事
	rryomeyebrjn	唔該覆返同事
	gbhiykyeykoq	幫我交返文件
	ofykyemsydwljphbjd	你交返功課畀老師未
	hijrrmykoqwljphb	我寄咗文件畀老師
	ofoirmgehrwljpvwjd	你傳咗報告畀老細未
	ofkbrmykoqwljphbjd	你帶咗文件畀老師未
