# Windows 10 22H2 build 19045.6466 compatibility additions; character TAB code.
€	smm
═	xm
║	xl
╒	xqf
╓	xqh
╔	xqr
╕	xef
╖	xeh
╗	xer
╘	xzf
╙	xzh
╚	xzr
╛	xcf
╜	xch
╝	xcr
╞	xaf
╟	xah
╠	xar
╡	xdf
╢	xdh
╣	xdr
╤	xwf
╥	xwh
╦	xwr
╧	xxf
╨	xxh
╩	xxr
╪	xsf
╫	xsh
╬	xsr
╭	xqo
╮	xwo
╯	xso
╰	xao
⺀	xy
⺄	xn
⺆	xb
⺇	hn
⺊	xy
⺌	xf
⺍	xf
⺕	sm
⺜	bmm
⺝	xb
⺥	xb
⺬	if
⺮	xh
⺼	xb
⺾	xt
⻆	nbq
⻌	xy
⻍	xy
⻏	nl
⻖	nl
⻗	mlby
⻞	oiay
⻣	bbb
⼳	vi
㇏	xo
㐅	hi
㐮	yctmv
㐹	oon
㑟	ohmc
㒆	oory
㒒	otmd
㒛	osyg
㒫	smhu
㒯	futmq
㒳	bolo
㒽	afou
㓄	ihhbu
㓅	ymn
㓇	yhk
㓈	ymr
㓉	yhjr
㓊	ybmr
㓋	ytc
㓌	yomg
㓎	ysme
㓏	ybcr
㓐	ygcg
㓑	ygtj
㓓	yjbj
㓔	yhhi
㓕	yihf
㓖	ywtq
㓗	yqhf
㔿	mul
㕂	momn
㕠	yge
㕪	rhbu
㕴	rhbu
㖹	rcht
㗩	rsya
㗼	rtmd
㙃	ghmc
㙧	gmls
㙨	gvio
㚱	vhlm
㚹	vhll
㛩	vkib
㜅	vyiw
㜝	vonw
㞉	kutgm
㞫	yino
㞴	uhup
㞽	uiu
㟏	uonr
㟔	uonr
㠄	usya
㠏	utmq
㠶	lbhn
㡕	lbtkb
㡛	lbtvv
㡮	voon
㡳	ihup
㡵	iomi
㡻	ihll
㢍	itkb
㢞	isyc
㢠	nebr
㢯	nrup
㣇	vnmb
㣈	vbvnb
㣎	hafh
㣺	xp
㤝	pkiu
㤪	mup
㤷	ponr
㥁	jwvp
㥐	omrlp
㥔	pkib
㦃	pymm
㦊	ptmq
㦲	gihs
㦽	kbimv
㧉	qon
㧓	qhio
㧕	qhll
㧚	qmln
㧤	qkiu
㨕	qnet
㨣	qciy
㨮	qhsu
㩉	qory
㩣	qsyj
㩾	hgje
㪁	onok
㪈	ggok
㪌	nbok
㪎	kook
㪛	tvok
㪜	ubok
㪢	heok
㪤	wqok
㪬	sgok
㫕	amv
㫫	amtm
㬔	asyh
㬚	akbk
㬛	aory
㬫	tfa
㮣	mud
㮤	jrd
㮬	dciy
㮼	dhsy
㮿	dwtq
㯓	dory
㯙	dkbk
㯠	dybq
㯬	ddneq
㯿	dvvu
㰇	dgim
㰕	dtgi
㱽	huhne
㲆	geoni
㲙	hukiv
㲟	tbhqu
㲱	huvvu
㳈	ed
㳋	ehlm
㳘	ekiu
㳤	eiji
㴈	ehmu
㵁	etkv
㵅	eonc
㵗	yfe
㵤	esyo
㵶	egig
㶩	fhbu
㶯	fhll
㷢	tgokc
㷸	famq
㸁	ftmd
㸔	bmbu
㸠	lnhyo
㸣	lntmd
㸳	hqoni
㹒	hqtmo
㹝	khhup
㹧	khkb
㺋	khciy
㺒	khsyh
㺟	khsyg
㺬	mgnhi
㺸	oimgi
㻔	mghjg
㻙	mgkib
㻫	mgwtq
㻭	mgyyj
㼉	hohbu
㼊	puhio
㼋	jrhio
㼌	hohio
㼍	qdhio
㼏	bvhio
㼐	hbhio
㼑	dwhio
㼔	wthio
㼕	fwhio
㼗	mnmln
㼘	umln
㼙	lbmln
㼚	ynmln
㼛	mtmln
㼜	kbmln
㼝	numln
㼞	mjmln
㼟	hamln
㼠	jpmln
㼡	hdmln
㼢	slmln
㼣	mamln
㼤	qhmln
㼥	jsmln
㼦	mnmln
㼧	nbmln
㼨	ormln
㼩	ismln
㼪	komln
㼫	wdmln
㼬	gjmln
㼭	grmln
㼮	jvmln
㼯	dwmln
㼰	hjmln
㼲	mkmln
㼳	fumln
㼴	wbmln
㼵	aomln
㼶	onmln
㼷	ubmln
㼸	jrmln
㼹	tvmln
㼺	irmln
㼻	homln
㼼	mfmln
㼽	kkmln
㼾	ipmln
㼿	ygmln
㽀	tkmln
㽁	mdmln
㽂	oymln
㽃	hwmln
㽄	tlmln
㽆	fwmln
㽇	hbmln
㽈	pomln
㽉	swmln
㽊	femln
㽋	vfmln
㽌	mwmln
㽍	tmmln
㽎	tvhbu
㽨	wtgm
㽸	khbu
㽿	khio
㾉	komi
㿁	khuj
㿇	ksya
㿑	ksyg
㿜	kbub
㿡	hahyo
㿮	kbdhe
㿽	csbt
䀆	lkct
䀉	hbbt
䀚	buhul
䁐	butkb
䁟	butgm
䁯	buory
䁽	buvvu
䂀	butgi
䂡	mrhlm
䂥	mrrup
䂪	mrhyo
䂼	mronp
䃱	mrgim
䃳	mrvvu
䄃	ifkb
䄅	fommf
䄆	ifmjr
䄒	ifonp
䄻	hdhyo
䅈	fohd
䅚	hdfou
䅜	hdhjg
䅮	hdomr
䅿	hdtmq
䇇	ytrup
䇦	hkb
䈳	hasy
䈵	hciy
䉚	hwbn
䉭	hvvn
䉻	fdhup
䊄	mifd
䊎	fdfou
䊔	fdtkb
䊕	fdneq
䊮	fdsyg
䋋	vfrup
䋐	vfiu
䋚	vfsyy
䋭	vfkib
䋼	vfnet
䌈	vfasy
䌌	vfsya
䌜	vftmd
䌦	vfsyg
䍅	ouosl
䍋	ouhjg
䍪	tqjd
䍮	tqhyo
䍾	mtsyy
䍿	symg
䎀	syiu
䎁	jrsyy
䎂	sypru
䎃	gbsyy
䎄	srsyy
䎅	hasyy
䎆	syoni
䎇	hysyy
䎈	sylwp
䎉	syihi
䎊	hrsyy
䎋	hrsyy
䎌	syryo
䎍	syijb
䎎	sysju
䎏	orsyy
䎐	jjsyy
䎑	syvne
䎒	syii
䎓	syea
䎔	syibi
䎕	ffbsy
䎖	casyy
䎗	hbsyy
䎘	lxsyy
䎙	jcsyy
䎚	syqjp
䎝	jpsyy
䎣	qdlmo
䏄	sjjmg
䏋	lcpru
䏗	bon
䏙	bhbu
䐞	bnyy
䐡	yoobo
䐤	btgm
䐥	bciy
䐲	bsya
䑆	btgv
䑑	sltmo
䑘	hxtgm
䑤	hyomn
䑬	hyhyo
䑽	hyasy
䒁	hysya
䒅	hyfou
䒆	hykbk
䒋	kbnau
䒑	xt
䒞	thbu
䒢	thul
䒷	tmjr
䓹	tomv
䔞	tyyj
䕙	tgig
䕜	tsyj
䕫	tyue
䕺	ttme
䖭	folmi
䖴	lihyo
䖻	likiv
䗱	litmo
䘧	lkb
䘪	lkiu
䘻	lkib
䙒	lyiw
䚆	tbbuu
䚥	nbnyy
䚧	nbsyh
䚶	yrhk
䛉	yrrup
䛎	yrjhu
䜟	yrgim
䜲	crvvu
䝉	tbmso
䝓	movvu
䟀	gotgm
䟇	govio
䟌	gogig
䟗	rmhup
䟠	rmiu
䟨	rmrup
䟬	rmhlm
䟳	rosyy
䟽	rmkiv
䠠	kpbbo
䠢	twbro
䠮	rmfof
䠲	hhoni
䠷	hhhyo
䡑	jjrup
䡪	jjhsy
䡭	jjtgg
䡸	jjtwh
䢉	hwmmv
䢢	yomr
䢦	yyyj
䢧	ysyh
䢰	ysyg
䣁	synl
䣐	tbnl
䣻	mwonr
䤈	mwtst
䤌	mwomr
䤒	mwvio
䤝	chul
䥅	jmgc
䦚	anmjr
䦫	antkb
䧔	nlonp
䧤	nltmo
䧨	nltmd
䧵	huog
䨒	mbsyy
䨙	mbemg
䨨	mbyrr
䨶	mbivl
䩂	mwomn
䩕	tjhul
䩝	tjhio
䩺	tjciy
䪁	tjtmo
䪉	tjvvu
䪚	dqasy
䪴	humbc
䬂	hniu
䬛	hnwtq
䬣	oionu
䬤	somv
䬥	ipomv
䬩	mfomv
䬬	oikb
䬭	rhomv
䬮	oilmo
䬸	meomv
䭁	qlomv
䭃	oionp
䭆	soomv
䭊	oitkb
䭌	jbomv
䭕	jlomv
䭥	oitgv
䭹	sfhul
䮔	sfhjg
䮸	hbssf
䯍	bbomi
䯎	bbtj
䯏	bbmjr
䯕	bbneg
䰈	shtgm
䰊	shjii
䰏	shgig
䰘	lnsyh
䰛	mbmln
䰼	nfomn
䱀	nfkb
䱄	nfhio
䱍	nfmnm
䱧	nffou
䱵	nfciy
䱹	nftgm
䱽	nfomr
䲍	hyfof
䲬	hfhup
䳠	hghaf
䳣	gshaf
䴞	ywsyg
䴡	mtmp
䴾	jetgm
䵏	tcsyh
䵧	giwgf
䶂	hupi
䶃	huomn
䶄	humfj
䶅	huher
䶆	huog
䶇	hulwb
䶈	huibi
䶉	huhlw
䶑	hlgbo
䶖	yuomn
䶪	yugig
䶬	mdybp
丂	mp
丒	sim
业	tm
东	pd
丟	hgi
両	mlbu
严	mtm
丬	iml
丬	yl
丵	tmtj
丷	xc
为	ikni
丽	mmbb
举	fmcq
丿	xl
乀	no
乁	no
乄	lk
乌	hsm
乌	ppm
乑	ohhe
乚	xu
乛	mn
乛	xn
习	sy
书	idd
乯	hjn
买	byk
乲	yon
乽	jean
亐	mjp
亐	mks
亚	mtm
亠	xy
亪	ycno
亪	yco
亷	ythc
亻	xo
们	ois
们	ols
伟	oqd
伡	opq
伣	oblu
伪	oiki
佦	omhr
侌	onmmi
侤	ojkp
侥	opmu
俨	omtm
倂	ohjj
偐	oyth
傓	ohsy
傗	oyiw
傟	ociy
傧	ojhc
储	oina
储	oiua
傩	oeom
儎	ogij
儯	ofof
兂	lsu
兎	hlui
兓	lulsu
兓	ququ
兖	yciu
兘	yuir
兡	jumha
兺	chrp
冂	xb
円	by
冖	xb
军	bpq
农	lbv
冮	ym
冯	imnsm
冯	ynpm
冲	yl
决	ydk
冴	ymvh
况	yrhu
冸	yfq
冺	yrvp
冻	ypd
冿	ylq
净	ynsd
凁	ydl
凂	ynau
凃	yomd
凇	ydci
凉	yyrf
减	yihr
凑	yqkk
凒	yumt
凓	ymwd
凕	ybac
凖	ygj
凙	ywlj
凚	yddf
凛	yywf
凟	ygwc
凢	hn
凫	hshn
凫	pipn
凴	yfhn
凾	unne
凿	tmuj
删	btln
刬	ill
刬	imln
刾	ttshc
劥	yuks
劵	foks
勜	cyks
勶	okks
勹	xp
勻	pim
匀	py
匦	spqn
卝	xt
卥	ywk
卫	slmo
卾	rpsl
厯	mddp
厳	fmmk
县	bmmi
叁	ikmm
参	ikhh
发	fke
发	vihe
叽	rhu
吗	rnsm
吞	hkr
呜	rhsm
呜	rppm
咉	rkb
咓	rmln
哑	rmtm
哓	rpmu
哘	ohon
唛	oqke
唥	ryoi
啭	rpqi
喰	romv
喾	rmhgr
嗭	jvop
嗴	rtgi
嘊	rung
嘘	rypm
嘠	rmui
噏	rory
噐	rrmr
噕	bfr
噕	bnfr
嚑	rhjf
嚢	jctmv
嚣	rrmbr
囖	rhwlm
囱	hwnk
囻	wrup
圅	niwtj
圏	wfou
圐	wwlp
场	gnhh
坙	mvg
坞	ghsm
坞	gppm
坬	ghio
垅	ggg
垩	mmg
垩	mtcg
垭	gmtm
垴	gyku
埝	gonp
堑	plg
堘	gfog
塄	gwlp
塰	gyg
墷	gtmq
壮	ylg
壶	gbtm
壸	gtmm
夀	gnli
夃	nse
夊	nk
夓	hxhe
夣	kiwln
奖	ink
奨	yik
妆	ylv
妈	vnpm
妈	vnsm
妉	vhbu
妫	viki
姄	vrup
娅	vmtm
娆	vpmu
娐	vbnk
娢	vonr
娦	vhmc
媖	vtkb
嫅	vtgm
嫑	mfmv
嫒	vbme
嫓	vncp
嫔	vjhc
嬆	vory
孞	npp
学	ibnd
宀	xj
宾	jhmc
寉	jom
寕	jmbn
寝	jyme
将	ylbdi
尧	pmu
尮	kunhd
屚	smle
屛	shjj
屿	umpm
岘	ublu
岛	hsu
岛	pipu
岴	uhlm
岺	uomi
峁	uhll
峣	upmu
崜	uhjg
崭	upql
嵚	ucno
嵟	umom
嵡	uciy
嵳	utgm
嶖	uory
嶫	utmd
嶻	ugig
嶿	umbl
巅	ikcp
巤	vvwku
巩	mnhi
巻	fosu
币	ob
师	ihmlb
帏	lbqd
帰	ihsmb
帲	lbhjj
幞	lbtmo
幤	myn
幵	mt
幷	hjhmj
广	xi
库	ipq
废	ifke
废	ivie
廴	nk
张	nlho
弪	nnim
彁	mnrr
彁	nmnr
彂	tmnok
归	ihsm
录	nme
彞	aaa
彠	vitoe
彥	yhhhh
彦	ythh
徤	honeq
忄	lc
忄	xp
忛	phnm
忾	pon
恗	pkmp
恶	mmp
恽	pbpq
悬	bmip
悳	juvp
惗	ponp
愙	jrp
愭	pjka
愵	pnyy
慃	pciy
慐	mcp
慸	kpbbp
慻	pfou
憇	hmp
憙	grp
憠	mtop
懕	makp
戋	im
戋	ip
戯	ymi
扌	xq
扪	qis
扪	qls
扬	qnhh
拞	qhlm
拟	qlio
拣	qpnd
拣	qqd
拨	qfke
拨	qvie
挙	fmcq
挜	qmtm
挠	qpmu
挥	qbpq
挧	qshh
挧	qsjj
捑	qank
捣	qhsu
捣	qpiu
捳	qhmu
掷	qtlk
揿	qcno
搁	qisr
搇	qonv
搼	qfoq
摈	qjhc
摊	qeom
撁	qybq
撯	qtgu
擈	qtmd
擮	qgig
敪	eeeee
敻	nbbue
斉	yklm
斓	ykisw
斩	kknj
旈	yppiv
旈	yskiv
旔	ypneq
旙	yphdw
旸	anhh
旹	uya
显	atm
晀	ahyo
晋	mma
晓	aphu
晓	apmu
晕	abpq
晖	abpq
晗	aonr
暂	pla
暎	atkb
曅	atmq
曗	atmd
曪	awlm
曱	al
曱	wml
朎	bomi
朩	jc
杢	dg
来	jfd
杦	dmo
杨	dnhh
杩	dnpm
杩	dnsm
枊	dhul
枡	dhq
枧	dblu
枭	hsd
枭	pipd
枾	djll
柽	qeg
栆	jloy
栈	di
栈	dim
栋	dpd
栞	hjd
栤	dye
桚	dvvi
桟	di
桠	dmtm
桡	dpmu
档	dfs
桨	ind
桨	ynd
梊	dld
梹	dhmc
梺	dmy
梿	dypq
棂	dsf
棛	dkib
椖	dhsp
椟	dgnk
椠	pld
椡	dgm
椢	deg
椨	dopo
楧	dtkb
楽	yod
楾	djae
榈	disr
榊	dyfl
榒	dnyy
槀	ybd
槒	dyiw
槛	dtge
槜	doms
槟	djhc
槠	diua
槠	dyhj
橥	lad
橷	dpun
橼	dvom
檏	dtmd
檩	dywe
檪	dyod
欅	dhcp
欟	dtmn
殅	mn
殝	miqkd
殡	mnjhc
氢	onnim
氩	onmtm
氵	xe
氺	imno
氺	xe
氺	yno
汤	enhh
汵	eomn
沩	eiki
泤	elio
泻	ebmm
泼	evie
泾	enim
浆	ine
浆	yne
浇	epmu
浑	ebpq
浒	einj
浒	eiuj
浛	eonr
浜	ehmc
涟	eypq
涠	ewqd
涶	ehjg
淃	efou
渍	eqom
渎	ejbk
渐	epql
湌	eomv
湿	eat
溅	eboi
溅	ebom
溋	enet
溨	egid
溬	etgi
溹	eqmf
溻	easy
满	etob
滤	eyppp
滨	ejhc
漖	ekdk
漛	efoe
漝	esya
漥	jcegg
潃	eolb
潅	eokm
潍	evmm
澚	ehbp
澜	eisw
瀈	esyj
瀐	egim
瀒	edmw
瀥	esyb
灇	etme
灬	fi
灬	xf
炀	fnhh
炜	fqd
炼	fjvd
炼	fpnd
炼	fqd
烃	fnim
烉	nbcf
烐	fhbi
烖	gif
烧	fpmu
焖	fisp
焘	qkdif
熈	lvf
熮	fsyh
熻	fory
爗	fatq
爜	ftme
爫	xb
爳	bfnn
爳	bnfn
爴	whmlo
牍	lnjck
犭	kh
状	ylik
犸	khnpm
犸	khnsm
狰	khnsj
狱	khink
狱	khiuk
猟	ljfhn
猠	ljtwc
獇	khtgi
獤	ljudl
玐	mgho
玙	mgmpm
玚	mgnhh
玛	mgnpm
玛	mgnsm
玪	mgomn
玮	mgqd
现	mgblu
玺	nfmg
珁	mgmln
珉	mgrup
珱	mgbv
珲	mgbpq
琎	mgtmo
琏	mgypq
琒	mgheq
瑇	mgqmw
瑸	mgjhc
璎	fdso
瓫	chmln
瓭	humln
瓯	semln
瓳	jrmln
瓹	rbmln
甁	hjhjn
甉	tcmln
甊	lvmln
甎	jimln
產	yhhqm
産	ythm
甴	la
甴	lwm
畁	lwmll
畅	llnhh
畖	whio
畠	huw
畲	ofw
畳	kyvi
畴	wqlo
疁	wsyh
疒	iy
疒	xk
疡	knhh
疯	nhnk
痉	knim
痖	kmtm
瘫	keom
瘮	kiik
癋	kmtp
癕	kyvm
癳	iwwf
発	nomku
皐	haioj
皐	hammj
皠	hauom
皣	hatmq
皬	hambm
皶	tgbt
盏	ibt
盏	imbt
盗	yobt
眍	susk
眏	bukb
眞	pbvc
睗	buwjr
睵	bugir
睾	hwgti
瞒	butob
瞮	bupbk
矅	busyg
矈	buhap
矝	nhomi
砀	mrnhh
码	mrnpm
码	mrnsm
砙	mrmvi
砚	mrblu
砞	mrjd
砻	mrbq
硁	mrnim
硗	mrpmu
磖	mrsya
礏	mrtmd
礴	mrhxc
礶	mrtrm
礻	if
祃	ifnsm
祃	yfnpm
祎	yfqd
祯	yfybo
祷	yfqki
祸	yfrob
祻	yfwjr
禀	ywmmf
禅	yffwj
禌	yftvi
禑	yfwlb
秢	hdomi
稸	hdyiw
稾	ybhd
穕	hdomd
穙	hdtmo
穣	hdycn
窍	jcmmp
窎	jchsm
窎	jcpim
窥	jcqbu
竃	cgwu
竛	ytomi
笃	hnpm
笃	hnsm
笇	hji
笕	hblu
笖	hlio
笟	hhio
笺	hi
笺	him
筑	hmnj
筚	kppj
筨	honr
简	hisa
箉	hqrh
箞	hfou
篒	homv
篖	hijr
篗	home
篬	homr
篯	hcim
篯	hopi
篼	hhsn
簈	hshj
簱	hypc
簶	hlve
籏	hypc
籖	hgim
糘	fdfbg
紷	vfomi
絚	vfmnm
繊	vfjim
繋	vevif
繤	tbkf
纎	vfgim
纬	vmqd
纺	vmyp
线	vmi
线	vmim
练	vmpnd
练	vmqd
经	vmnim
绔	vmkmp
绕	vmpmu
给	vmonr
绣	vmhdh
继	jmsyy
绬	vmtkb
维	vmom
缔	vmycb
缗	vmspa
缙	vmmma
缠	wmiwg
缤	vmjhc
缧	vwvf
缨	vbpv
缪	vmsyh
缴	vmhpk
缵	vmhuc
缻	oumln
罚	wlinn
罚	wliun
羁	wlttj
羋	lmyq
羗	tghi
羟	tqnim
羮	tgfk
羮	tgfo
翄	syje
翆	syknj
翈	wlsyy
翓	grsyy
翖	orsyy
翘	pusyy
翙	unsyy
翚	sybpq
翝	jisyy
翤	rbsyy
翧	jmsyy
翶	hjsyy
翺	hjsyy
耉	jkmpr
耉	jkyr
耭	qdvio
聎	sjhyo
肀	xl
肠	bnhh
肹	bcmp
胁	bksi
胨	bpd
胫	bnim
脜	bnbu
脠	bnem
腁	bhjj
膑	bjhc
膡	bfou
臎	bsyj
臯	huioj
臯	hummj
臱	hujcp
舄	hxyf
舆	hxpc
舰	hyblu
艌	hyonp
艹	xt
芪	thup
芿	tonh
苇	tqd
苋	tblu
苏	tksi
苽	thio
茊	thlm
茑	thsm
茑	tpim
荘	tylg
荛	tpmu
荤	tbpq
荰	hdg
莂	hrpn
莟	tonr
莬	hnau
莲	typq
莺	tbhm
莻	tnhp
菍	tonp
菐	tmto
萾	tnet
葼	tuke
蒋	tili
蒦	tome
蓤	tyge
蔶	tqbc
蔺	tism
蔼	tinv
蔼	tiuv
蕏	rmhyu
薬	tyod
蘷	tmue
虗	yphlm
虚	yptm
蚀	nulmi
蚂	linpm
蚂	linsm
蚠	chlmi
蚬	liblu
蛡	lisyy
蛲	lipmu
蛿	lionr
蜟	lipib
蝆	lilmq
螀	iilmi
螀	yilmi
螤	yihxo
螨	litob
蟗	jblli
蠘	ligig
蠧	gbmri
衆	hbto
衔	hocmn
衤	xl
衤	yfh
衮	yciv
袅	hsyhv
袅	pipv
袆	lqd
袊	lomi
袠	yhqv
袯	lfke
袯	lvie
装	igyhv
装	ygyhv
裈	lbpq
裢	lypq
裤	lipq
裵	ylmv
褄	ljsv
褝	kfwh
襕	lisf
覠	huyjj
覣	hvbu
见	blu
观	eblu
觃	blnd
规	qoblu
觅	bblu
视	ifblu
视	yfblu
觇	yrblu
览	liblu
觉	fbblu
觊	uublu
觋	moblu
觌	jkblu
觍	tcblu
觎	onblu
觏	tbblu
觐	tmblu
觑	ymblu
觹	nboms
訡	yromn
訦	yrhbu
訳	mrso
詇	yrkb
詟	irymr
誉	fcmmr
誝	yronr
読	mrgbu
誮	mrtop
諚	mrjmo
謡	mrbmu
譛	mrqoa
譲	mrycv
譳	yrmbl
讍	yrmrg
讏	hnmmr
讠	in
讠	inu
计	inj
计	iuj
订	inmn
订	iumn
讣	iny
讣	iuy
认	ino
认	iuo
讥	inhn
讥	iuhn
讦	inmj
讦	iumj
讧	inn
讧	ium
讨	indi
讨	iudi
让	inym
让	iuym
讪	inu
讪	iuu
讫	inon
讫	iuon
讬	inhp
讬	iuhp
训	inlll
训	iulll
议	inik
议	iuik
讯	innj
讯	iunj
记	insu
记	iusu
讱	inshi
讱	iushi
讲	intt
讲	iutt
讳	inqd
讳	iuqs
讴	insk
讴	iusk
讵	inss
讵	iuss
讶	inmvh
讶	iumvh
讷	inob
讷	iuob
许	inoj
许	iuoj
讹	inop
讹	iuop
论	inop
论	iuop
讻	inuk
讻	iuuk
讼	inci
讼	iuci
讽	inhnk
讽	iuhnk
设	inhne
设	iuhne
访	inyp
访	iuyhs
诀	indk
诀	iudk
证	inmym
证	iumym
诂	injr
诂	iujr
诃	inmnr
诃	iumnr
评	inmfj
评	iumfj
诅	inbm
诅	iubm
识	inrc
识	iurc
诇	inbr
诇	iubr
诈	inos
诈	iuhs
诉	inhmy
诉	iuhmy
诊	inohh
诊	iuohh
诋	inhpi
诋	iuhpi
诌	innsm
诌	iunsm
词	insmr
词	iusmr
诎	inuu
诎	iuuu
诏	inshr
诏	iushr
诐	indhe
诐	iudhe
译	ineq
译	iueq
诒	inir
诒	iuir
诓	insmg
诓	iusmg
诔	inqd
诔	iuqd
试	inipm
试	iuipm
诖	ingg
诖	iugg
诗	ingdi
诗	iugdi
诘	ingr
诘	iugr
诙	inkf
诙	iukf
诚	inihs
诚	iuihs
诛	inhjd
诛	iuhjd
诜	inhgu
诜	iuhgu
话	inhjr
话	iuhjr
诞	innem
诞	iunkm
诟	inhmr
诟	iuhmr
诠	inomg
诠	iuomg
诡	innmu
诡	iunmu
询	inpa
询	iupa
诣	inpa
诣	iupa
诤	innsd
诤	iunsd
该	inyvo
该	iuyvo
详	intq
详	iutq
诧	injhp
诧	iujhp
诨	inbpq
诨	iubkq
诩	insyy
诩	iusmm
诪	inqki
诪	iuqki
诫	init
诫	iuit
诬	inmoo
诬	iumoo
语	inmmr
语	iummr
诮	infb
诮	iufb
误	inrmk
误	iurmk
诰	inhgr
诰	iuhgr
诱	inhdh
诱	iuhds
诲	inowy
诲	iuowy
诳	inkhg
诳	iukhg
说	incru
说	iucru
诵	innib
诵	iunib
诶	iniok
诶	iuiok
请	inqmb
请	iuqmb
诸	injka
诸	iujka
诹	insje
诹	iusje
诺	intkr
诺	iutkr
读	injnk
读	iujnk
诼	inmso
诼	iumso
诽	inlmy
诽	iulmy
课	inwd
课	iuwd
诿	inhdv
诿	iuhdv
谀	inhxo
谀	iuhxo
谁	inom
谁	iuog
谂	inoip
谂	iuoip
调	inbgr
调	iubgr
谄	innhx
谄	iunhx
谅	inyrf
谅	iuyrf
谆	inyrd
谆	iuyrd
谇	inyoj
谇	iuyoj
谈	inff
谈	iuff
谉	injll
谉	iujll
谊	injbm
谊	iujbm
谋	intmd
谋	iutmd
谌	intmv
谌	iutmv
谍	inptd
谍	iuptd
谎	intyu
谎	iutyu
谏	indwf
谏	iudwf
谐	inppa
谐	iuppa
谑	inyps
谑	iuypm
谒	inapv
谒	iuapv
谓	inwb
谓	iuwb
谔	inrrp
谔	iurrs
谕	inomn
谕	iuomn
谖	inbme
谖	iubme
谗	innuy
谗	iunuy
谘	inyor
谘	iuior
谙	inyta
谙	iuyta
谚	inyhh
谚	iuyhh
谛	inybb
谛	iuybb
谜	inyfd
谜	iuyfd
谝	inisb
谝	iuisb
谞	innob
谞	iunob
谟	intak
谟	iutak
谠	infbu
谠	iufbu
谡	inwce
谡	iuwce
谢	inhhi
谢	iuhhi
谣	inbou
谣	iubou
谤	inybp
谤	iuybs
谥	intct
谥	iutct
谦	intxc
谦	iutxc
谧	inpht
谧	iupht
谨	intlm
谨	iutlm
谩	inawe
谩	iuawe
谪	inycb
谪	iuycb
谫	intbh
谫	iutbh
谬	insyh
谬	iusmh
谭	inmwj
谭	iumwj
谮	inmua
谮	iumua
谯	inomf
谯	iuogf
谰	inisw
谰	iulsw
谱	intma
谱	iutca
谲	innhb
谲	iunhb
谳	injbk
谳	iujbk
谴	inylr
谴	iuylr
谵	inncr
谵	iuncr
谶	inoim
谶	iuoim
賎	bci
賶	bcomr
賿	bcsyh
贱	boi
贱	boim
资	yobo
赋	bomim
赏	gbrbo
赘	gkbo
赠	botxc
赡	jtco
赢	slqmo
赣	momo
赪	hubo
赵	ymbo
赺	goomn
赿	gohup
趝	goonp
趰	gomfk
趱	bocwa
趸	boncr
趻	rmomn
跄	yrbbn
跉	rmomi
跞	yjheo
跥	rmnhd
践	rmi
跷	rmpmu
踺	rmneq
蹒	rmtob
蹘	rmsyh
蹹	rmomy
躏	rmtim
躭	hhhbu
軅	hhmom
軎	jwjr
軣	jjyo
軰	lkpjw
輧	jjhjj
輺	jjvvw
车	jq
车	pq
轧	jqu
轧	pqu
轨	pqkn
轩	pqmj
轪	pqk
轫	pqshi
转	pqqni
轭	pqmsu
轮	jqop
轮	pqop
软	pqno
轰	pqee
轱	pqjr
轲	pqmnr
轳	pqys
轴	pqlw
轵	pqrc
轶	pqhqo
轷	pqhfd
轸	pqohh
轹	pqhvd
轺	pqshr
轻	pqnim
轼	pqipm
载	jipq
轾	pqmig
轿	pqhkl
辀	pqhby
辁	pqomg
辂	pqher
较	pqyck
辄	pqsju
辅	pqijb
辆	pqmob
辇	qopq
辈	lypq
辉	fubpq
辊	pqapp
辋	pqbtv
辌	pqyrf
辍	pqeee
辎	pqvvw
辏	pqqkk
辐	pqmrw
辑	pqrsj
辒	pqabt
输	jqomn
输	pqomn
辕	pqgrv
辖	pqjqr
辗	pqstv
辘	pqixp
辙	pqybk
辚	pqfdq
辩	yjinj
辩	yjiuj
辶	xy
辸	ynh
迃	ymmp
迗	yhk
违	yqd
连	ypq
迳	ynim
逬	yhjj
逳	ykib
逳	ypib
邬	hmnl
邺	tmnl
郔	nkhml
酦	mwfke
酦	mwvie
酱	inmcw
酱	ynmcw
酽	pihf
醤	iimcw
醤	yimcw
釒	c
鉨	ncf
銹	chdh
鋲	chmc
鋶	ckiv
錜	conp
錺	ctyp
鍈	ctkb
鎓	cciy
鎶	cmnr
鐝	ctmto
鑁	cuie
鑃	csyg
钅	c
钅	omjv
钆	cu
钇	cn
针	cj
钉	cmn
钊	cln
钋	cy
钌	cnn
钍	cg
钎	chj
钏	clll
钐	chhh
钑	cnhe
钒	chni
钓	cpi
钔	cls
钔	opis
钕	cv
钖	cnsh
钖	opnhh
钗	cei
钘	cmt
钙	cmys
钙	opmyp
钚	cmf
钛	cki
钜	css
钝	cpu
钞	cfh
钟	cl
钟	ovl
钠	cob
钡	cbo
钢	cbk
钢	ovbk
钣	che
钤	coin
钥	cb
钦	cno
钧	cpim
钧	oppy
钨	chsm
钨	opppm
钩	cpi
钪	cyhn
钫	cyhs
钫	opyp
钬	cf
钭	cyj
钮	cng
钯	cau
钰	cmgi
钱	cim
钱	opi
钲	cmym
钳	ctm
钴	cjr
钵	cdm
钶	cmnr
钷	csr
钸	cklb
钹	cike
钺	civ
钻	cyr
钼	cbu
钽	cam
钾	cwl
钿	cw
铀	clw
铁	chqo
铁	ovhqo
铂	cha
铃	coii
铃	ovoii
铄	chvd
铅	chnr
铆	chhl
铇	cpru
铈	cylb
铉	cyvi
铊	cjp
铋	cph
铌	csp
铍	cdhe
铎	ceq
铏	cmtn
铐	cjks
铐	opjkp
铑	cjkp
铒	csj
铓	ctyv
铔	cmtc
铔	opmtm
铕	ckb
铖	cihs
铗	ckt
铘	cmhl
铙	cjpu
铙	oppmu
铚	cmig
铛	cfsm
铜	cbmr
铜	ovbmr
铝	crr
铞	crlb
铟	cwk
铟	obwk
铠	cusu
铡	cbon
铢	chjd
铣	chgu
铤	cnkg
铤	opneg
铥	chgi
铦	chjr
铧	copj
铨	comg
铩	ckd
铪	comr
铫	clmo
铫	oplyo
铬	cher
铭	cnir
铮	cnsd
铯	cnau
铰	cyck
铱	cyhv
铲	cyth
铳	cyiu
铴	cenh
铵	cjv
银	cav
银	ovav
铷	cvr
铸	cqki
铹	ctbs
铺	cijb
铻	cmmr
铼	cdt
铽	cipp
链	cykq
链	opypq
铿	cleg
销	cfb
锁	cfbo
锂	cwg
锃	crhg
锄	cbms
锅	crob
锆	chgr
锇	chqi
锈	chds
锈	ophdh
锉	coog
锊	cbdi
锋	chej
锌	cytj
锍	cyiu
锎	clst
锎	opist
锏	clsa
锏	opisa
锐	ccru
锑	ccnh
锒	ciav
锓	csme
锔	cssr
锕	cnlr
锖	cqmb
锗	cjka
锘	ctkr
错	cta
锚	ctw
锛	ckjt
锜	ckmr
锝	cami
锞	cwd
锟	capp
锠	caa
锡	caph
锢	cwjr
锣	cwln
锤	chjm
锥	cog
锥	opom
锦	chab
锧	chjo
锨	chlo
锩	cfqu
锪	cphp
锫	cytr
锬	cff
锭	cjmo
锭	ovjmo
键	cnkq
键	opneq
锯	csjr
锰	cndt
锱	cvvw
锲	cqhk
锳	ctlk
锳	optkb
锴	cppa
锵	cili
锵	opyli
锶	cwp
锷	crrs
锷	oprrp
锸	chjx
锹	chdf
锺	chjg
锻	chje
锻	ophjr
锼	chxe
锽	chag
锾	cbme
锿	cyrv
镀	cite
镁	ctgk
镂	cfdv
镃	ctvi
镄	clno
镅	cahu
镆	ctak
镇	cjbc
镇	ovjbc
镈	cibi
镉	cmrb
镊	csje
镋	cfbu
镌	cogs
镌	opomh
镍	chud
镎	comq
镏	chhw
镐	cyrb
镑	cybs
镑	opybp
镒	ctct
镓	cjmo
镔	cjhc
镕	cjcr
镖	cmwf
镗	cfbg
镘	cawe
镙	cwvf
镚	cubb
镛	cilb
镜	cytu
镝	cycb
镞	cysk
镞	opypk
镟	cyso
镟	opypo
镠	csmh
镠	opsyh
镡	cmwj
镢	cmto
镣	ckcf
镤	ctco
镤	optmo
镥	cnwa
镦	cydk
镧	clsw
镧	opisw
镨	ctca
镨	optma
镩	cjcl
镪	cnri
镫	cnot
镬	ctoe
镭	cmbw
镮	cwlv
镯	cwli
镯	opwlv
镰	citc
镰	opwli
镱	cytp
镱	opixc
镲	cjbf
镲	opytp
镳	cipf
镳	opjbf
镴	cvvv
镴	opipf
镵	cnri
镵	opvvv
镶	cyrv
镶	opnri
镸	smmi
长	lhmo
长	opyrv
闂	anfou
门	ils
门	ls
门	po
闩	is
闪	ism
闫	iso
闬	ismmm
闭	ismj
问	isdh
闯	isr
闯	lsnsm
闰	ismg
闱	isqd
闲	isd
闲	lsdh
闳	iski
间	isa
闵	isyk
闶	isyhn
闷	isp
闸	iswl
闹	isylb
闺	isgg
闻	issj
闼	isyk
闽	islmi
闾	isrr
闿	isusu
阀	isoi
阁	isher
阂	isyvo
阃	iswd
阄	isnwu
阅	iscru
阆	isiav
阇	isjka
阈	isirm
阉	isklu
阊	isaa
阋	ishxu
阌	isbbe
阍	ishpa
阎	isnhx
阏	isypy
阐	iscwj
阑	isdwf
阒	isbuk
阓	islmo
阔	isehr
阕	isnok
阗	isjbc
阘	isasy
阙	istuo
阚	isnjk
阚	lsmjk
阛	iswlv
阵	nopq
阾	nlomi
陈	nlpd
陉	nlnim
陦	bkqju
难	eom
雏	nsom
雠	ogiug
雠	ominm
雧	ogd
霊	mbmmm
霭	mbinv
霭	mbiuv
霱	mbnib
霻	mbujt
靌	mbbmc
靏	mbomf
靑	qmby
靓	qbblu
靔	qbon
鞉	tjhyo
鞌	jvtlj
鞸	tjwtq
鞾	tjtmq
韦	qd
韧	qdshi
韨	qdike
韩	jjqd
韪	aoqd
韫	qdabt
韬	qdbhx
韯	gilmm
韲	yolmm
顕	ammbc
顨	mct
颐	srmbo
颧	tmmbo
飅	sfso
飍	hihii
飏	hnnhh
飕	hnlxe
飡	yomv
飬	fomav
飰	oilmy
飱	mnomv
飸	rsomv
餆	oihyo
餋	fqomv
餠	oihjj
饆	oiwj
饏	mkomv
饠	oiwlm
饣	nu
饤	numn
饥	nuhn
饦	nuhp
饧	nunsh
饧	nvnhh
饨	nupu
饩	nuon
饪	nuhg
饫	nuhk
饬	nuoks
饭	nuhe
饮	nuno
饯	nuim
饯	nvi
饰	nuolb
饱	nupru
饲	nusmr
饳	nuuu
饴	nuir
饵	nusj
饶	nujpu
饶	nvpmu
饷	nuhbr
饸	nuomr
饹	nuher
饺	nuyck
饻	nuyhv
饼	nutt
饽	nujbd
饾	numrt
饿	nuhqi
馀	nuomd
馁	nubv
馂	nuice
馃	nuwd
馄	nuapp
馅	nunhx
馆	nujrr
馇	nudam
馈	nulmo
馉	nubbb
馊	nuhxe
馊	nvlxe
馋	nunuy
馌	nugit
馍	nutak
馎	nuibi
馏	nuhhw
馐	nutqg
馑	nutlm
馒	nuawe
馓	nutbk
馔	nuruc
馕	nujbv
馠	haonr
馾	sfhbu
駈	sfhlm
駚	sfkb
駠	sfhll
駦	fosqf
駵	sfmx
騈	sfhjj
騐	sfonp
驜	sftmd
马	npm
马	nsm
驽	venpm
驽	vensm
驾	ernpm
驾	krnsm
骁	nmpmu
骂	rrnpm
骂	rrnsm
骋	nmlwp
骓	nmom
骘	nhnpm
骘	nhnsm
骛	nknpm
骛	nknsm
骜	gknpm
骜	gknsm
骟	nmisy
骟	smism
髅	bbfdj
髌	bbjhc
髎	bbsyh
髙	ylbr
鬂	shhmc
鬓	shjhc
鬭	mnrml
魓	hiwtq
魫	nfhbu
魿	nfomi
鮙	nfsyy
鮝	fonwf
鮬	nfkmp
鮳	nfjkp
鯍	nfkiv
鯲	nfypy
鰯	nfnyy
鱜	nfhhl
鱪	mfaka
鱬	nfmbl
鲂	nmyp
鲎	fbnbm
鲓	nmjkp
鲢	nmypq
鳄	nmrrp
鳉	nmili
鳉	nmyli
鳌	gknwm
鳍	nmjka
鳎	nmasy
鳑	nmybp
鳒	nmtx
鳛	nmsya
鴵	hyuof
鵉	ynhaf
鸟	hsm
鸟	hvsm
鸟	pipm
鸠	knhsm
鸠	knpim
鸡	ehsm
鸡	epim
鸢	iphsm
鸢	ppim
鸣	rhsm
鸣	rpim
鸤	shsm
鸤	spim
鸥	skhsm
鸥	skpim
鸦	mhhsm
鸦	mhpim
鸧	ouhsm
鸧	oupim
鸨	pjhsm
鸨	pjpim
鸩	luhsm
鸩	lupim
鸪	jrhsm
鸪	jrpim
鸫	kdhsm
鸫	pdpim
鸬	yshsm
鸬	yspim
鸭	wlhsm
鸭	wlpim
鸮	rppim
鸮	rshsm
鸯	kbpim
鸯	lkhsm
鸰	oihsm
鸰	oipim
鸱	hihsm
鸱	hipim
鸲	prhsm
鸲	prpim
鸳	nuhsm
鸳	nupim
鸴	fbhsm
鸴	fbpim
鸵	hmjp
鸶	vvmhm
鸶	wmsm
鸷	qihsm
鸷	qipim
鸸	mbhsm
鸸	mbpim
鸹	hrhsm
鸹	hrpim
鸺	odhm
鸺	odpim
鸼	hyhsm
鸼	hypim
鸽	orhsm
鸽	orpim
鸾	ychsm
鸾	ycpim
鸿	emhm
鸿	empim
鹀	mohsm
鹀	mopim
鹁	jdhsm
鹁	jdpim
鹂	mbhsm
鹂	mbpim
鹃	rbhsm
鹃	rbpim
鹄	hrhsm
鹄	hrpih
鹅	hihsm
鹅	hipim
鹆	crhsm
鹆	crpim
鹇	idpim
鹇	ldhsm
鹈	chhsm
鹈	chpim
鹉	mmhsm
鹉	mmpim
鹊	tahsm
鹊	tapim
鹋	twhsm
鹋	twpim
鹌	kuhsm
鹌	kvpim
鹍	aphsm
鹍	appim
鹎	hjhsm
鹎	hjpim
鹏	bbhm
鹐	nxhsm
鹐	nxpim
鹑	ydhsm
鹑	ydpim
鹒	iohsm
鹒	iopim
鹓	juhsm
鹓	jupim
鹔	llhsm
鹔	llpim
鹕	jrbhm
鹖	avhsm
鹖	avpim
鹗	rppim
鹗	rshsm
鹘	bbhsm
鹘	bbpim
鹙	hfhsm
鹙	hfpim
鹚	tihsm
鹚	tipim
鹛	auhsm
鹛	aupim
鹜	nkhsm
鹜	nkpim
鹝	mbhsm
鹝	mbpim
鹞	buhsm
鹞	bupim
鹟	cmhsm
鹟	cypim
鹠	hwhsm
鹠	hwpim
鹡	fbhsm
鹡	fbpim
鹢	tthsm
鹢	ttpim
鹣	tchsm
鹣	tcpim
鹤	oghsm
鹤	ompim
鹥	sehsm
鹥	sepim
鹦	bvhsm
鹦	bvpim
鹧	ifhsm
鹧	ifpim
鹨	shhsm
鹨	shpim
鹩	kfhsm
鹪	ofhsm
鹪	ofpim
鹫	yuhsm
鹫	yupim
鹬	nbhsm
鹬	nbpim
鹭	rrhsm
鹭	rrpim
鹮	wvhsm
鹮	wvpim
鹯	ymhsm
鹯	ympim
鹰	ighsm
鹰	iomm
鹱	hmtoe
鹲	tohsm
鹲	topim
鹳	tghsm
鹳	tmpim
鹴	muhsm
鹴	mupim
鹶	ywomn
鹷	ywomi
麄	chixp
麦	qmhe
黅	tcomn
黆	tchbu
黱	bfof
鼂	amrxu
鼗	hogte
鼦	hushr
鼧	hujp
鼹	huajv
齑	yylll
龖	ypybp
龜	hxu
兀	mu
嗀	grhne
𠀈	hlnm
𠀉	hlmm
𠁈	mnhjr
𠁗	qomaa
𠁥	tl
𠁩	lmls
𠁴	lwkk
𠂆	xh
𠂇	xk
𠂗	hniu
𠂜	omlm
𠂩	hmhvm
𠂯	htq
𠂵	llgq
𠃌	xs
𠃕	hvlu
𠃡	nlu
𠃤	sphlv
𠃽	cyu
𠄌	lu
𠄏	nv
𠄑	uvn
𠄓	huk
𠄔	nvv
𠄨	mhym
𠅠	yrurn
𠆂	yrool
𠆇	ykhbk
𠆉	yitqt
𠆊	yrbmm
𠆜	yojlv
𠆦	op
𠆶	ohbu
𠆹	ophh
𠇇	oiqr
𠇏	oomn
𠇘	oiu
𠇩	ohll
𠈳	ovnf
𠉐	oonr
𠉮	ofos
𠊶	ofov
𠋂	onay
𠋡	oomv
𠋰	ogic
𠌋	ocrn
𠌍	ofok
𠌩	oysn
𠌫	owtq
𠌭	oyyj
𠌶	ooos
𠌻	offn
𠍉	oybq
𠍋	oidi
𠍐	oikho
𠍩	omol
𠍮	ooog
𠎑	otmq
𠎖	onmd
𠎗	oyol
𠎘	omlb
𠎱	okvp
𠎽	offn
𠎾	ojtv
𠏂	omsg
𠏧	oromi
𠐒	otgv
𠐲	oimi
𠑀	ogic
𠑛	otre
𠑝	odsyg
𠑷	ymhu
𠑹	hsus
𠒅	ruhu
𠒆	hwhu
𠒇	hwhu
𠒎	hshu
𠒔	jujuu
𠒘	jusq
𠒠	jurks
𠒨	kuyrf
𠓂	fusyh
𠓆	qjruu
𠓫	ohmc
𠓶	kpbbo
𠔂	ilc
𠔇	chlo
𠔊	hmc
𠔕	chbt
𠔗	cdl
𠔙	hmc
𠔢	chdje
𠔧	gxc
𠔩	iibmc
𠔯	ctmo
𠔱	wuuc
𠔳	ythc
𠕍	hbtv
𠕒	lbe
𠖑	humam
𠖙	mjhbu
𠖮	yno
𠖱	ymvi
𠖲	ycsh
𠖴	yoj
𠖶	yp
𠖷	ybr
𠖸	yomp
𠖹	ywl
𠖺	yymy
𠖻	ybu
𠖼	kby
𠖽	yos
𠗂	yher
𠗃	ywk
𠗄	ynin
𠗅	yhbt
𠗇	ymf
𠗈	yije
𠗉	ykoo
𠗊	ymvm
𠗋	ysip
𠗌	yjru
𠗍	ymbu
𠗎	ylog
𠗑	yqof
𠗒	yijb
𠗓	yrb
𠗔	ywg
𠗕	yice
𠗗	yynn
𠗘	ytbc
𠗙	ynue
𠗚	yyoj
𠗛	ykid
𠗜	ysjn
𠗝	ybhg
𠗞	yjmo
𠗡	ybd
𠗢	yvbn
𠗥	yyta
𠗦	ysqt
𠗧	ybcn
𠗨	yptd
𠗪	yyrv
𠗬	yhsb
𠗭	yngdi
𠗮	ytmv
𠗯	yhae
𠗱	yihs
𠗲	bfoy
𠗳	ytxc
𠗴	yniw
𠗵	yybs
𠗶	yilr
𠗷	yiil
𠗺	yhdn
𠗻	yseg
𠗼	yihf
𠗽	ysyh
𠗾	ykkk
𠗿	yiih
𠘄	yolk
𠘅	yoyb
𠘆	yddd
𠘇	yhhy
𠘈	ysnd
𠘉	yayf
𠘊	ytwv
𠘋	ybun
𠘌	ymwm
𠘍	yywd
𠘎	yoma
𠘑	ysuf
𠘒	yqby
𠘓	ynlm
𠘔	yffh
𠘖	yhlc
𠘘	yybk
𠘛	yitc
𠘜	yhfk
𠘝	ydlc
𠘞	ygfe
𠘟	ymdm
𠘠	yywv
𠘡	yiyd
𠘢	yywy
𠘣	ybwi
𠘤	ypoe
𠘥	yrrk
𠘺	kihn
𠙊	hhma
𠙐	stbhn
𠙶	nnu
𠙾	quj
𠙿	nmum
𠚁	cuk
𠚍	ukii
𠚑	muu
𠚘	buhx
𠚚	nunee
𠚛	ugugg
𠚡	subhx
𠛓	hlsln
𠛪	hyuon
𠛷	omyn
𠝂	focsh
𠝟	tbln
𠞈	ayln
𠟊	oyln
𠟳	lwshj
𠠗	vuln
𠠹	huks
𠡸	hnks
𠢧	hyfos
𠢨	mbcos
𠢺	idfos
𠣺	ydpru
𠤛	plsl
𠤢	lphlm
𠤮	somn
𠤿	sonr
𠥐	somr
𠥓	slsl
𠥚	sjne
𠥛	scmk
𠥦	ssyc
𠥩	sltmc
𠥪	slbhx
𠥫	slhus
𠥬	sltox
𠥯	shup
𠥰	shll
𠦒	ttq
𠦥	yrj
𠦬	oooj
𠦶	tjhx
𠧑	hxcoj
𠧞	hyuoy
𠧠	ywv
𠧡	yuv
𠧯	ybmc
𠧳	yrlhh
𠧴	ywv
𠧶	ybce
𠧹	yrlho
𠧻	yalhh
𠨁	ybbv
𠨅	yavw
𠨥	hlsjl
𠨮	mvnk
𠨷	mmlv
𠩄	mihn
𠩧	monm
𠩸	momv
𠩿	mwtj
𠪉	mtgm
𠪊	mhhi
𠪕	mthc
𠪪	moog
𠪰	mhep
𠪳	mlwo
𠫟	olmi
𠬧	yle
𠬩	ahe
𠬻	qjvle
𠬿	hmvle
𠭁	buce
𠭊	hmsme
𠭌	eeeu
𠭙	smlme
𠭡	hooe
𠭧	bmele
𠭳	tluhm
𠭶	thlle
𠭾	eennb
𠮇	eeheb
𠮲	rmks
𠯊	tmd
𠯏	ron
𠯨	chr
𠰋	rhlm
𠰜	rjfd
𠰭	rhll
𠱧	hvr
𠱵	wikb
𠲲	rykh
𠳎	rolo
𠳯	rsrks
𠴮	rchp
𠴾	rsjj
𠵯	rmrn
𠶭	rlwv
𠶰	nibgr
𠶵	rlmc
𠷏	knbbr
𠷗	ykmr
𠷝	rwki
𠷞	hlslr
𠸄	rtkb
𠸱	rrlmf
𠸹	rihm
𠹃	rkbt
𠹐	roge
𠹞	rort
𠹥	rasy
𠹧	ytkbr
𠹩	srlho
𠺁	rnyy
𠺏	rjey
𠻏	rgic
𠻜	ryyj
𠾀	rkbk
𠾃	ybkr
𠾄	bbhnr
𠾊	roog
𠾥	mromi
𠾯	rbcd
𠿧	jbkr
𡀒	rssyh
𡁕	rsyv
𡂏	rvvu
𡂤	mrrv
𡂺	rtgv
𡃪	hhoc
𡃬	ybkr
𡄚	ybcr
𡄱	rfryo
𡅁	ryod
𡅘	rbvu
𡅟	ybcr
𡆵	wlml
𡆿	whup
𡇶	niwor
𡈋	jwll
𡈍	wooj
𡈕	wfou
𡈢	wfof
𡈤	cwgrv
𡈹	wddj
𡉛	gon
𡉡	rog
𡊁	ghul
𡊣	hmg
𡊥	ghug
𡊧	ghll
𡋇	yhg
𡋈	ylg
𡋮	gmho
𡋸	ghpo
𡌆	odg
𡌫	org
𡍮	ooog
𡍴	hog
𡍼	ydg
𡎗	gvvn
𡎯	weg
𡎳	nyg
𡏈	gnmf
𡏳	tlcg
𡏸	niukg
𡑈	hghrr
𡑊	goog
𡑔	ysg
𡒉	img
𡒒	nhgl
𡒣	gtlg
𡒽	ugugg
𡓍	gvvu
𡓐	gmrg
𡓙	gtme
𡓲	gany
𡔝	gsr
𡔨	fohg
𡕍	gwln
𡕎	jbmrr
𡕫	nbche
𡕻	huhe
𡕼	bgyve
𡕽	bsyve
𡖂	tyue
𡖆	hini
𡖓	nnhbu
𡖷	nibsc
𡗜	jf
𡗷	khio
𡗽	wlck
𡘄	khlm
𡘦	kbbt
𡙇	hgdk
𡙐	kbue
𡙡	tfk
𡙨	ktyn
𡚅	ooook
𡚆	ogdk
𡚇	wlsk
𡚈	tmahk
𡚯	vmks
𡚼	vhup
𡛟	viu
𡜁	vhio
𡝤	ljlv
𡟚	vnet
𡠃	juv
𡠎	vtgi
𡠚	vwtq
𡡋	hxjlv
𡡐	vtmo
𡡚	oolmv
𡡾	voou
𡢂	gnv
𡢔	ovrbn
𡣂	yov
𡣍	ynv
𡣑	vjuc
𡣔	vonw
𡣘	vtco
𡣝	vsyj
𡣰	vkow
𡣳	vgim
𡣿	hxccv
𡤀	vrvn
𡤋	vyom
𡤖	vsey
𡤺	nvnii
𡥆	nmnd
𡥗	nnnd
𡦈	oindo
𡦹	ihnr
𡧈	jmks
𡧗	jmln
𡧙	jhll
𡨍	jumln
𡨜	jitf
𡩥	jciy
𡩰	jfhll
𡪂	jokg
𡪤	jtmq
𡬏	jijii
𡬯	hxldi
𡮰	idf
𡯒	kua
𡯪	kuuqm
𡰮	lms
𡱂	smvn
𡱕	smmp
𡲌	smhlm
𡲖	swki
𡲳	snyy
𡲶	smuu
𡳇	ssyh
𡳑	soog
𡳧	lwshj
𡴌	omuc
𡴩	ujrrr
𡵙	uhul
𡶗	urup
𡷊	hsyu
𡸩	ufou
𡹽	uoou
𡺡	unet
𡺹	ufoq
𡻞	uwtq
𡻡	uonw
𡻪	usyh
𡽓	uutgm
𡽚	oduu
𡾑	uoom
𡾙	umrg
𡾞	utgi
𡿨	v
𡿮	kivvv
𡿰	smvvv
𡿹	vvru
𢀂	vvbne
𢀩	ooom
𢁌	rvmgc
𢁢	lbmks
𢁤	lbhuo
𢁥	chlb
𢁮	lbomn
𢁳	mnib
𢁹	hmlb
𢂂	oilb
𢂺	yolb
𢃷	uulbb
𢃹	bbchb
𢄁	tmtb
𢄥	nblb
𢄰	lbbor
𢅖	lbytc
𢅛	ybikp
𢅶	lbhwu
𢆟	lwhjj
𢆤	fuoq
𢆴	vinv
𢇃	vif
𢇍	vilm
𢇒	voyn
𢇧	ihbu
𢇹	ihlm
𢈀	itm
𢈅	ihio
𢈸	ionp
𢊁	ixf
𢊭	ifov
𢊺	imsw
𢋓	itlg
𢋪	ixco
𢋫	isyc
𢋲	idbmc
𢌬	tv
𢌭	ti
𢍊	fot
𢍕	fosut
𢍣	qft
𢍫	yfmt
𢎇	giq
𢎙	nnnvn
𢎧	nss
𢎰	nmks
𢏐	nlbi
𢏖	syn
𢏴	nhjg
𢐢	nyciy
𢑔	nmysr
𢑗	nime
𢑚	smlms
𢑜	smvsw
𢑞	vmcmb
𢑰	ssssm
𢒀	nhhs
𢒦	yyhhh
𢒭	yyhhh
𢒮	fhakh
𢒰	kbihm
𢒼	honu
𢓋	hohul
𢓝	hohyo
𢔑	hofou
𢔝	hohjg
𢕏	howtq
𢕑	hoyyj
𢕛	hopye
𢖈	hosyg
𢖛	holof
𢖣	hohmf
𢖾	phn
𢗐	hup
𢘦	pdme
𢘲	kbp
𢙷	mnp
𢚏	uonp
𢛉	phjg
𢛖	tup
𢛗	pfos
𢛪	omnup
𢜒	obp
𢜯	tdp
𢝭	mnp
𢞔	nyp
𢞘	maonp
𢞠	pasy
𢞾	ykp
𢟜	mep
𢟱	pfoe
𢟳	pyyj
𢟺	psyp
𢠀	ybvp
𢠔	yrp
𢠠	pjmk
𢡁	pory
𢡙	anchp
𢡧	pvio
𢢜	ptmd
𢢱	oyp
𢣷	psyg
𢤃	arp
𢤋	pguc
𢦏	gi
𢦕	ihn
𢦛	gij
𢦟	iomn
𢦣	ijwp
𢦬	iye
𢦷	giyhs
𢧆	ionr
𢧇	giche
𢧑	girg
𢧒	ihonr
𢧜	girhg
𢧟	inmi
𢧨	giqka
𢧫	ami
𢨆	givly
𢨋	immri
𢨎	giuuu
𢨑	immm
𢨒	yiwg
𢨣	gilir
𢨺	hshll
𢨼	hstm
𢩥	hghn
𢩰	qhlu
𢫮	qmnm
𢬋	qkng
𢬵	qkit
𢭤	mnq
𢮈	qchp
𢮉	qmho
𢮙	qfos
𢮚	qahk
𢮼	qhml
𢯀	qhju
𢯌	qchq
𢯭	qfob
𢯴	qjck
𢰶	qtkb
𢱠	qjlf
𢳂	qwtq
𢴰	qvio
𢴷	knq
𢴸	gnq
𢴹	qoog
𢵟	qkbc
𢶇	qffn
𢶋	qgig
𢶧	qytc
𢶪	qgij
𢷼	qoom
𢸄	qtby
𢸤	qtgi
𢸯	qhmc
𢹠	qmdm
𢹰	qhmf
𢺕	qmue
𢻦	dbye
𢻩	hgje
𢻶	onye
𢾼	nynyk
𣀎	bvye
𣀨	iiye
𣁶	yjhyo
𣁿	yjmho
𣂱	mvhml
𣃝	yskb
𣃞	myls
𣃪	mnyhs
𣃯	ysoiy
𣅞	hha
𣅟	ahbu
𣅠	aon
𣅬	ahmp
𣅲	hna
𣆃	ampm
𣆜	ablm
𣆼	sta
𣇣	ajuv
𣇦	ahjg
𣈮	aomv
𣈻	agir
𣉗	akbt
𣊔	twba
𣊮	gna
𣋓	aoos
𣋡	atco
𣋲	avvu
𣌽	jwmtm
𣍄	clamk
𣍏	mktgm
𣍠	bmv
𣎒	bfow
𣎮	btgi
𣏃	jdl
𣏆	dhn
𣏕	dd
𣏙	don
𣏚	dhup
𣏟	dd
𣏰	chd
𣏻	nod
𣐋	diu
𣐎	dmln
𣐡	drup
𣑁	dkiu
𣑄	jtvd
𣑪	dbhm
𣑯	dhyo
𣓫	yrd
𣔆	dhml
𣔮	dgis
𣕂	dfob
𣕆	dcst
𣕯	ddomi
𣖮	dkbt
𣖴	ywvd
𣘎	dtgi
𣘚	dyyj
𣘞	donw
𣘿	jcord
𣙂	foird
𣙄	ddomn
𣙤	yrd
𣙲	gboud
𣚅	djup
𣚗	hyfod
𣚝	dssv
𣚠	dtmb
𣚥	dtkb
𣚰	dtgu
𣚸	dgiv
𣛬	dhll
𣜀	dhou
𣜓	ddomn
𣜣	rdhbu
𣜧	dffn
𣜨	idfou
𣝫	dgig
𣞚	doom
𣞞	dtme
𣞼	dtgv
𣞼	dtov
𣟇	dsyt
𣟚	dytc
𣠅	dtyt
𣠜	dsyf
𣠽	dmbb
𣡫	dwli
𣡳	vdnnr
𣢌	huno
𣣎	kbno
𣣕	yuno
𣥏	ymhv
𣥒	mlylm
𣥝	chylm
𣥳	odylm
𣦄	ymctm
𣦝	ymcwi
𣧇	mnhiu
𣧒	mnmlj
𣧟	mnrup
𣧡	mniu
𣧨	mnlhh
𣧭	mnhlm
𣨏	ynwve
𣨡	mnhmu
𣨽	mntkb
𣩇	ioip
𣩈	mntgm
𣩍	mnsyh
𣩫	mntmd
𣩰	mnsyg
𣩲	mntlg
𣫘	gehll
𣫟	nyhne
𣬃	pphus
𣬋	nwlp
𣬓	ppooj
𣬔	napk
𣬚	npnii
𣭌	huttt
𣭜	husyy
𣭮	fohqu
𣯥	husya
𣯾	huory
𣰜	huyfn
𣰞	husyg
𣰠	qohqu
𣰡	wbhqu
𣰫	vuhqu
𣱅	yvrup
𣱇	srhup
𣱉	yirup
𣱋	hmkvi
𣱌	mmhup
𣱏	nhhup
𣱖	ony
𣱡	paon
𣱦	oncht
𣲎	one
𣲺	edme
𣴆	esyy
𣴞	echg
𣴰	ekmj
𣴲	cre
𣴴	oye
𣴹	eyiu
𣶤	ekbr
𣷵	eqlf
𣸊	eoni
𣸝	emsy
𣸶	emnm
𣹭	ekve
𣹳	ekve
𣹶	eoge
𣺯	eamm
𣻦	eonw
𣼠	eyyn
𣼢	esyi
𣽓	esyp
𣽝	emhi
𣽨	hyfoe
𣾨	eoou
𤀧	enau
𤀷	eqkib
𤀹	eymu
𤁜	eyoq
𤁯	evvu
𤁺	eoom
𤄄	ednf
𤄚	ehwf
𤄞	eynv
𤄪	ehfe
𤅆	ehjc
𤅜	emfi
𤅡	ehkc
𤆏	fmks
𤆴	kif
𤆿	fdme
𤈀	ydf
𤈩	tghf
𤉼	ffou
𤋁	ahf
𤋍	ffkb
𤋳	nwof
𤌏	fciy
𤌞	ygf
𤌮	usf
𤍘	jmuf
𤍬	fgim
𤎮	gnf
𤏀	ooof
𤑆	ftlg
𤑱	fsyj
𤑼	fals
𤑽	rrttf
𤒉	irmf
𤒓	irmf
𤒜	irmf
𤒻	fany
𤓳	bks
𤓷	hosle
𤔧	bbmks
𤔹	bmfn
𤕃	bbfhk
𤕣	uwkk
𤕵	vmomi
𤕷	vmhyo
𤖥	vmmbm
𤗠	lnmju
𤗣	lnqvd
𤗨	lnsya
𤗪	lnyyj
𤗵	lntmo
𤘝	chhq
𤘡	hqomn
𤘣	hqhbu
𤙀	hqmvs
𤙔	hqhyo
𤙻	fuhq
𤚊	hqkid
𤚋	hqonp
𤚵	hqkir
𤚺	hqasy
𤛊	hqsya
𤛣	hqory
𤛹	hqsyg
𤜰	khomn
𤜴	khhbu
𤝂	khd
𤞀	khkiu
𤞈	khmhm
𤟣	khnet
𤟬	khtd
𤟭	nrpk
𤠐	khasy
𤠒	kbhrk
𤠕	khyiw
𤠝	khtgm
𤠺	khwtq
𤢋	khmkt
𤢡	khhxu
𤢱	khjcu
𤢷	khgim
𤣪	mdm
𤣸	mgyk
𤤏	mgdme
𤤠	mgkb
𤦍	mgohb
𤦔	mgfou
𤦠	mgoll
𤦬	mgonp
𤦴	mgoov
𤧒	mgcht
𤧦	mihdf
𤧯	mghbe
𤧰	mgopp
𤧲	mgoau
𤨁	mgmma
𤨜	mgoov
𤨝	mgoph
𤩣	mgoou
𤪚	mggig
𤪣	mgtlg
𤪩	mgoom
𤪾	mgmdi
𤫍	kmgm
𤫪	hphio
𤫫	chhio
𤫯	huhio
𤫱	prhio
𤫲	oihio
𤫴	hohio
𤫶	grhio
𤫷	dbhio
𤫻	yhhio
𤬁	wdhio
𤬂	yehio
𤬃	yrhio
𤬄	kshio
𤬇	bfhio
𤬉	nkhio
𤬌	vohio
𤬍	buhio
𤬏	lvhio
𤬗	gmhio
𤬘	ythio
𤬛	ythio
𤬝	ybhio
𤬡	hfhio
𤬩	ipmln
𤬪	gmln
𤬬	fmln
𤬭	mfmln
𤬮	mimln
𤬯	mnomn
𤬰	onmln
𤬴	rrmln
𤬵	hmmln
𤬶	bqmln
𤬷	uumln
𤬹	ihmln
𤬺	kbmln
𤬻	mnomi
𤬼	uumln
𤬾	hdmln
𤬿	ggmln
𤭁	brmln
𤭂	hymln
𤭃	mbmln
𤭄	bgmln
𤭌	chmln
𤭎	mmmln
𤭏	crmln
𤭐	oymln
𤭑	mrmln
𤭒	iimln
𤭓	mmmln
𤭔	jjmln
𤭕	kvmln
𤭗	sumln
𤭛	bumln
𤭜	hhmln
𤭝	ggmln
𤭞	ydmln
𤭟	hjmln
𤭠	semln
𤭡	semln
𤭢	yjmln
𤭣	tcmln
𤭥	qrmln
𤭦	tcmln
𤭧	pamln
𤭨	kbmln
𤭩	gimln
𤭪	dumln
𤭬	ommln
𤭰	fdmln
𤭳	wimln
𤭴	pdmln
𤭹	ktmln
𤭺	wmmln
𤭻	mrmln
𤭼	aymln
𤭽	ufmln
𤮀	timln
𤮅	gimln
𤮆	ymmln
𤮇	ibmln
𤮈	jemln
𤮉	wfmln
𤮊	iemln
𤮋	wmmln
𤮎	ifmln
𤮏	tcmln
𤮐	cimln
𤮔	ngmln
𤮖	stmln
𤮘	btmln
𤮙	ytmln
𤮚	mwmln
𤮛	jemln
𤮜	ymmln
𤮝	ybmln
𤮡	tnkb
𤮢	ifmln
𤮦	aimln
𤮧	ytmln
𤮨	ypmln
𤮩	yjmln
𤮭	nimln
𤮯	uxmln
𤮰	ubmln
𤮱	sjmln
𤮲	vgmln
𤮸	mwmln
𤮹	mmmln
𤰃	llyq
𤰆	llymq
𤰑	kntbq
𤰶	lww
𤱕	wrup
𤱩	whyo
𤱱	giw
𤲃	wttq
𤲄	hwoo
𤲒	whjj
𤲙	ikvw
𤲞	odw
𤲣	qujlo
𤲯	lmmm
𤲹	wnyy
𤳊	vwhjj
𤳔	hyfow
𤳫	vwshj
𤳶	woom
𤴒	wwwhw
𤴟	kpbbo
𤴸	kon
𤴽	komn
𤵠	khll
𤵢	khlm
𤵤	krup
𤶃	khyo
𤷄	kfou
𤷜	komi
𤷝	khmu
𤸤	komv
𤹝	kwtq
𤹤	kfoe
𤺦	kfor
𤻛	kgig
𤼌	ksyc
𤼗	kpryo
𤼤	kwkk
𤼼	novhe
𤽍	haon
𤽩	yskka
𤽰	hdnhi
𤽿	haonp
𤾣	hatmo
𤾧	hatmd
𤾫	hasyg
𥀐	jjcde
𥀕	wqdhe
𥀰	vudhe
𥁌	onbt
𥁠	fobt
𥁣	yhbt
𥁫	qhbt
𥁸	fubt
𥁿	yrbt
𥂔	syoht
𥂨	syort
𥂳	yfbt
𥃅	cubt
𥃓	ytjnt
𥃕	gtgit
𥃖	hxhxt
𥃜	hxhxt
𥃳	bumks
𥃶	buhn
𥄀	bulmu
𥄸	buhll
𥄼	buhio
𥅀	bullo
𥅍	oibu
𥅰	gibu
𥆞	wllmw
𥆡	buonr
𥈕	bucst
𥈜	gbuc
𥈠	ymcu
𥉋	bufoe
𥉗	busyu
𥉾	busyh
𥊄	twlpu
𥋂	bunwe
𥋉	busyj
𥋍	buoog
𥋙	butmd
𥌱	twbbp
𥍵	nhonp
𥍼	nhtkb
𥎇	nhylv
𥎚	nhtlg
𥎺	okhyo
𥏙	okfou
𥐁	oktmo
𥐥	mrhn
𥐫	mrlmy
𥐬	mron
𥑀	mrhbu
𥑔	mrhio
𥑞	mrkb
𥒉	mrsyy
𥒔	mrnkv
𥒜	mrye
𥒩	mrlyo
𥒽	mnmr
𥔞	mrcht
𥔱	mrhsy
𥔶	mrtgi
𥕗	twbmr
𥕚	mrffi
𥕭	hxmr
𥕼	mronw
𥖌	mroog
𥖬	mryfn
𥖮	mrsyj
𥗢	mrtmo
𥗯	mrygn
𥘅	mf
𥘞	ifomn
𥙂	ifhlm
𥛈	ifssm
𥛊	ifhsy
𥛘	ifwtq
𥜔	ifsyg
𥜺	ufsyg
𥜼	ocbi
𥜽	ybbi
𥝁	vvwlb
𥝄	twlb
𥝅	hxwlb
𥝈	hxlbi
𥝋	hxlbi
𥝔	hdnd
𥝬	hdon
𥝴	hdhbu
𥟎	hdfos
𥠎	hdwhi
𥡇	hdhsy
𥡢	hdyyj
𥡤	hdmwf
𥡩	hdggn
𥡪	hdsyt
𥡭	hghdv
𥢋	hdmsw
𥣅	hdhxu
𥣞	hdsyg
𥣠	omjd
𥣨	hmulw
𥤃	hsmbl
𥤌	hdsyc
𥤔	kdmfl
𥤶	jcon
𥤷	jchbu
𥥋	jcomi
𥦇	jcnhx
𥧕	jcekv
𥧞	jcyfe
𥧯	jcsyh
𥩡	ytiu
𥩭	ytksr
𥩼	ythyo
𥪐	ytyho
𥪑	ytyhq
𥪬	ytvno
𥫐	ytlab
𥫧	oloun
𥫹	hhbu
𥫽	hhup
𥬱	hkiu
𥭮	hwcr
𥮘	honp
𥮧	hkid
𥯒	hgir
𥯰	hnet
𥯿	hmib
𥰜	hdho
𥰢	hhsy
𥰤	hekv
𥰭	htgm
𥱑	htgi
𥱵	hsya
𥱷	honc
𥲒	hmnd
𥳁	hipm
𥳏	hvio
𥴓	hoog
𥴔	hoou
𥴸	hwbii
𥵞	hgig
𥵳	hsyv
𥶏	hyrr
𥶑	htgv
𥷂	hmot
𥷞	hbmc
𥷣	hmoe
𥷪	hqgm
𥷰	hegm
𥷶	hynv
𥸫	hhnd
𥸱	fdhn
𥸽	fdon
𥸾	fdhul
𥹕	fdomi
𥹷	fdkiv
𥹻	fdkit
𥺞	fdkib
𥺟	lyd
𥺠	twbfd
𥺴	fdonp
𥻪	fdqqc
𥻫	nmnmd
𥻰	mfttb
𥼁	fdyyj
𥼘	fdvio
𥼙	fdvnf
𥼜	fdtmo
𥼶	fdrrj
𥾌	vfnd
𥾨	vvfon
𥿢	vflbi
𦀀	jvvif
𦀂	givif
𦀠	vfkiv
𦁌	vfomi
𦁛	vfkid
𦁤	vfonp
𦁱	vfghu
𦁴	vflhx
𦂁	vftso
𦂙	vffog
𦄖	vfmly
𦄾	vftmo
𦅄	vfkbk
𦅌	vffof
𦅔	wfvif
𦅝	vftgu
𦅞	vfgiv
𦅠	vftmq
𦅧	vftmb
𦅬	knvif
𦅺	vfhst
𦆊	vfvag
𦆻	vfvvu
𦆽	jfyyj
𦆾	qfyyj
𦇅	vfjlc
𦇨	ywbff
𦇱	vftme
𦇳	vfhwf
𦇽	vfybq
𦈁	ofyyj
𦈣	oumks
𦈫	oudme
𦈼	hgoju
𦉖	ouoog
𦉭	sshu
𦉯	wkk
𦉿	bcmks
𦊃	wlomn
𦊑	wlhll
𦊓	wlomi
𦊞	bkrup
𦊧	wld
𦌆	wlhxd
𦌖	wltpe
𦍎	tgf
𦍖	tjhuo
𦍭	tqmln
𦏑	tqvio
𦏝	yvtqq
𦏞	yntq
𦏯	tqyrr
𦏴	symd
𦏵	syip
𦏷	ksyy
𦏸	sypd
𦏹	symj
𦏺	msyy
𦏻	symms
𦏼	msyy
𦏾	omsyy
𦐀	syyv
𦐂	syi
𦐃	sqsyy
𦐄	ynsyy
𦐅	synhe
𦐆	syau
𦐇	asyy
𦐈	chsyy
𦐉	umsyy
𦐊	syhup
𦐋	dksyy
𦐌	syki
𦐍	sydk
𦐎	bmsyy
𦐐	syyk
𦐑	yksyy
𦐕	sypt
𦐖	syrc
𦐗	syikk
𦐙	synru
𦐛	prsyy
𦐜	symfj
𦐞	ptsyy
𦐢	desyy
𦐣	syhjd
𦐤	yosyy
𦐥	sypa
𦐦	syher
𦐧	symjj
𦐨	hdsyy
𦐩	syhby
𦐪	sylwp
𦐬	syomr
𦐭	synoo
𦐯	ssowm
𦐰	ggsyy
𦐱	sssyy
𦐲	syba
𦐳	ppbsy
𦐵	ttsyy
𦐶	fhosy
𦐷	syhbt
𦐸	mrsyy
𦐹	syytj
𦐺	fbsyy
𦐻	oksyy
𦐼	gpsyy
𦐽	rbsyy
𦐾	dlsyy
𦑀	syhau
𦑄	sysok
𦑇	easyy
𦑈	syjlo
𦑉	absyy
𦑊	syqmb
𦑋	yjsyy
𦑌	syirm
𦑍	imsyy
𦑎	syklv
𦑏	syog
𦑐	syjwi
𦑑	pkmy
𦑒	tjsyy
𦑓	qmsyy
𦑔	ovsyy
𦑕	syc
𦑘	irsyy
𦑙	vosyy
𦑚	synmk
𦑛	sybme
𦑜	tjsyy
𦑝	hgsyy
𦑞	symrw
𦑟	sypyr
𦑠	syhag
𦑡	aosyy
𦑢	qmwjy
𦑣	symjx
𦑤	onky
𦑥	syjka
𦑦	tnsyy
𦑧	syamo
𦑨	uesyy
𦑩	sybjj
𦑪	mxsyy
𦑫	sdsyy
𦑰	syrbc
𦑱	ogsyy
𦑲	wesyy
𦑳	yysyy
𦑴	ipsyy
𦑵	iisyy
𦑶	sywle
𦑸	hksyy
𦑹	hasyy
𦑺	tmsyy
𦑻	dqsyy
𦑼	syasy
𦑽	kbsyy
𦑾	symma
𦑿	sybdw
𦒃	twbsy
𦒄	syqjm
𦒅	sytlo
𦒆	sasyy
𦒇	sesyy
𦒈	obsyy
𦒋	jjomy
𦒌	hqsyy
𦒍	ygsyy
𦒎	syjip
𦒏	syggu
𦒐	syfbk
𦒑	nbsyy
𦒒	syggu
𦒓	syhkb
𦒔	synhb
𦒕	ymhny
𦒖	sywtc
𦒙	tcciy
𦒚	syfbk
𦒜	ymsyy
𦒝	ipsyy
𦒟	txsyy
𦒠	sywlv
𦒢	hjsyy
𦒣	hksya
𦒤	symfb
𦒥	cyhuk
𦒦	syvvu
𦒨	syjti
𦒩	vusyy
𦒪	fqsyy
𦒬	wvsyy
𦒭	ygsyy
𦒮	ybypy
𦔃	qdtkb
𦔞	qdkbk
𦔫	qdsyc
𦕁	ausj
𦕅	sjhul
𦕊	sjlvs
𦕛	sjrup
𦖋	sjhjg
𦖱	sjgir
𦖶	sjhmi
𦗅	sjtgi
𦗖	sjsyh
𦗗	sjsya
𦗘	setkb
𦗙	gnsj
𦗶	hxlbj
𦘏	ggjwp
𦘝	ljbpl
𦙆	bhup
𦚀	bdme
𦚍	db
𦚹	bmvm
𦛜	bonr
𦛝	odobo
𦜶	bmms
𦝑	bkib
𦝘	obfou
𦝚	bnet
𦝸	jhbph
𦞁	bgir
𦟀	yvrbn
𦟤	btgg
𦟧	blmr
𦟭	bssuu
𦠃	yolbl
𦠄	bvio
𦠕	yorob
𦠜	btmq
𦡔	bhxu
𦡱	bsyg
𦡻	byfn
𦢂	btmk
𦢙	bgim
𦢼	ynbuc
𦣽	muv
𦤒	nukhh
𦤥	hutqy
𦤳	miyg
𦤿	qjbmg
𦥟	hxhbu
𦥺	hkhx
𦥻	hxhjg
𦥼	slhxk
𦥽	ojvex
𦦀	hxlhx
𦦏	yohx
𦦛	hbhlm
𦦡	hbcml
𦦥	hxbtm
𦦬	hxhhy
𦦶	hxhhy
𦧄	quutt
𦧈	mromn
𦧔	mrhio
𦧢	mrkid
𦧭	mrasy
𦧱	mrsya
𦨲	hyeru
𦩩	hyfov
𦩫	hyfob
𦩱	hyfog
𦩸	hynyy
𦪋	hytgg
𦪙	hyory
𦪝	hyfof
𦫀	hyfof
𦫫	cynau
𦫷	tuu
𦭂	tbtu
𦭅	tlho
𦭈	tmln
𦭝	twl
𦭳	tsyy
𦭺	tvhl
𦮁	tlut
𦮃	tllp
𦮆	tmne
𦮦	thll
𦮮	tyhk
𦯀	tchg
𦯀	thg
𦯌	tovp
𦯲	tchu
𦯳	tcht
𦰈	tkby
𦱀	tkib
𦳊	twki
𦳡	tbue
𦳦	tgir
𦴀	tqmb
𦴊	tmnb
𦴋	twbe
𦵲	tsje
𦶋	thsy
𦶌	tybr
𦶑	tasy
𦶘	tfol
𦶪	tst
𦷇	thch
𦸑	twbi
𦸙	thgl
𦸚	tsya
𦸟	wyut
𦸮	tyir
𦺁	tekd
𦺄	thll
𦺒	tnkvv
𦺬	tvio
𦺳	tylr
𦼤	twku
𦼺	tgig
𦽓	tffn
𦽳	tbp
𦾇	tkbd
𦾏	tqwl
𦾺	tcho
𦿅	tyfn
𦿙	tnbo
𦿤	tyit
𦿴	tkcf
𧀆	twbmt
𧀍	uusug
𧀧	twbge
𧀨	tvvu
𧀩	tbuh
𧀳	tsiy
𧁌	twbow
𧁙	ttgv
𧂄	tnax
𧂋	tyfp
𧂘	jrsmk
𧂝	twbbi
𧂳	jrwjt
𧂽	jjtmq
𧃍	type
𧃟	tsyc
𧄍	tguy
𧄼	twbnt
𧅊	tyfq
𧅋	tyni
𧅠	tyou
𧅱	tyol
𧅳	tmmp
𧅴	tyom
𧆜	ypmks
𧆬	yphun
𧇂	hpphh
𧇕	ypvmu
𧇢	nuypu
𧈚	ytjnt
𧈯	limks
𧉗	mulmi
𧉬	lirup
𧊎	liiu
𧊼	lihbi
𧋔	melmi
𧋳	mnlmi
𧌁	lklmi
𧌋	lihml
𧌶	tgoli
𧎥	lihsy
𧎲	litmj
𧏉	lifoo
𧏐	mhfi
𧏞	litgm
𧏨	onfdi
𧏪	lifod
𧏻	liwtq
𧐂	opoli
𧐔	lisya
𧐘	nibli
𧐤	liybq
𧐦	ligim
𧑄	lihwo
𧑅	ligou
𧑍	litmq
𧑞	lifoi
𧑥	hyfoi
𧑰	limmc
𧑴	naui
𧒑	lihxu
𧒟	issi
𧒤	tblii
𧒲	liytc
𧒵	ligig
𧒶	ligiv
𧓟	hulii
𧓤	gilmi
𧓥	ligim
𧓲	litgv
𧔄	qmwyj
𧔒	ligiy
𧔟	lifof
𧔠	litgi
𧔡	stvi
𧔱	hxwbi
𧕼	yylmi
𧕾	gglii
𧖄	mtbi
𧘠	ychv
𧘫	yuhv
𧘭	yonv
𧙆	lhio
𧙤	lhnd
𧙯	foyhv
𧙵	yumv
𧚑	gir
𧚶	lgih
𧛒	lhhk
𧛹	lciy
𧜈	ybov
𧜍	yyov
𧜏	yyyhv
𧜠	lyyj
𧝁	lwly
𧝅	lory
𧝉	ltmb
𧝙	ltgu
𧞂	ysyv
𧞛	lgig
𧞜	hryhv
𧞪	lvvu
𧞬	lgim
𧞲	lqoa
𧟖	lhgm
𧟭	gimcw
𧠋	buml
𧠳	bbbuu
𧡆	buybu
𧡭	buamm
𧢯	tybuu
𧣁	nbhbu
𧣚	nbny
𧣜	nbhlm
𧣶	nbsuu
𧤄	nbomu
𧤻	nbtmq
𧥂	nbsyp
𧥑	immib
𧥗	nbmmp
𧥦	yrmks
𧥴	yrhul
𧥷	yron
𧦮	yrsle
𧦺	yrhlm
𧦾	yrdme
𧧑	ythr
𧧟	yrgi
𧨁	tghr
𧩱	yrsht
𧩵	yrihr
𧪘	yrtgm
𧪟	yrwle
𧪦	yrasy
𧪪	yrkbt
𧪴	yrkhm
𧫟	yrvgk
𧫤	yrwtq
𧫧	yronw
𧫮	yrshj
𧫵	yrfot
𧬈	yrory
𧬓	knymr
𧬝	yrnon
𧬡	yroog
𧬬	yrtmd
𧭔	hysyr
𧭞	yrvvu
𧭩	yrtlg
𧮑	yrany
𧮫	cor
𧮰	cromn
𧯀	crtkb
𧯥	gimrt
𧯦	fomrt
𧰆	mtwtq
𧰍	uuhue
𧰙	utvio
𧰞	ttiqt
𧰠	gtvvu
𧰶	molns
𧰽	supo
𧰾	mhomi
𧱆	mobtt
𧱈	vmcmo
𧲑	mougs
𧲰	bhhlm
𧲱	bhkb
𧲲	bhhio
𧴌	bhtmo
𧴸	bchbu
𧵄	bchup
𧵌	bckb
𧵝	bciu
𧵯	vmbuc
𧵰	olmc
𧶗	bconr
𧷔	yobuc
𧷜	bcciy
𧷩	mjlmc
𧷬	bcfou
𧷲	bcgiu
𧷽	hyfoc
𧸄	bcgiv
𧸅	bctmb
𧸕	bctmb
𧸢	bctmd
𧸭	bcsyg
𧸷	gchll
𧸹	jhfc
𧹠	gcsei
𧹣	gconr
𧹧	gcsmu
𧹴	gcyiw
𧺞	goon
𧺟	gohbu
𧻁	gohlm
𧻂	mmiu
𧻋	goomi
𧻎	gorup
𧼚	gofou
𧼧	fonai
𧾰	gosyc
𧿉	rmmks
𧿒	rmhbu
𧿓	rmmvi
𧿗	horyo
𧿼	rmhio
𨀆	rmdme
𨀩	rmblb
𨁉	rmdw
𨁐	rmkit
𨃗	rmfoo
𨄇	rmfoe
𨄌	rmsya
𨄢	rmybq
𨅊	rmkbk
𨅏	rmuhi
𨅐	otfo
𨅵	rmssy
𨆐	rmfoo
𨆚	rmkmy
𨆱	rmyfn
𨇏	rmoom
𨈄	rmgiu
𨈑	hssm
𨈬	hhhlm
𨉂	hhlms
𨉃	hghxh
𨉱	hhnyy
𨉳	hhciy
𨉺	hhchc
𨊏	hhfor
𨋄	jjhbu
𨋐	jjmln
𨋕	jjhul
𨋖	jjhll
𨋫	jjhyo
𨋬	nemj
𨋲	jjye
𨌅	tghjj
𨌊	jjjvm
𨌫	jjfou
𨌯	jjkib
𨍚	jjomy
𨎃	jjciy
𨎰	jjory
𨎱	jnhup
𨏓	jjgim
𨏢	jjtgi
𨐪	yjnyy
𨐻	ydhmo
𨐼	yjrr
𨑓	yru
𨒋	yiu
𨒖	yhll
𨒢	yvoo
𨒯	yuvu
𨓋	ykit
𨓫	ykid
𨓱	yhug
𨕤	ylb
𨖐	ytmq
𨖱	yybq
𨗂	yvio
𨗩	ytmd
𨗮	yhot
𨘙	yyij
𨘞	yjbj
𨙒	ysyc
𨙔	yhgf
𨙦	yogf
𨙨	rau
𨚖	lmpnl
𨚬	hmrau
𨚵	girau
𨛜	rmrau
𨛪	hcnl
𨜊	hlail
𨜮	hliil
𨜺	cynl
𨝥	tvnl
𨝫	oynl
𨝭	ysfl
𨞄	ognl
𨞅	lunl
𨞠	rutcu
𨞰	ruhpu
𨟹	mwomn
𨟾	mwhup
𨠋	mwhio
𨠎	mwomi
𨠒	ikmw
𨠗	mwkb
𨠛	mwmln
𨡎	mwonp
𨡣	onpmw
𨢁	mwomv
𨢙	mwhoq
𨢡	mwwtq
𨣄	mwtmq
𨣛	mwfbm
𨣲	mwgim
𨤠	hdsyg
𨤸	dkmwg
𨥂	cnd
𨥃	ctu
𨥄	ocgc
𨥊	con
𨥌	chup
𨥯	cmln
𨥻	cdme
𨦫	csyy
𨧊	oyc
𨧎	mnc
𨨂	clbq
𨨎	chml
𨨼	ygc
𨩏	cyiq
𨩣	ccht
𨪎	cihm
𨪠	cgis
𨪢	ctgi
𨪤	cnyy
𨫌	cmma
𨫏	cyyj
𨫧	csya
𨫰	crrb
𨬓	cgou
𨬚	ctmb
𨬝	gnc
𨬣	ctgu
𨭇	coog
𨭓	cgir
𨭱	cgig
𨯆	ctga
𨯒	cgim
𨯮	catq
𨰏	cany
𨰕	cgim
𨱵	sihyo
𨱶	siugp
𨱷	skhgu
𨲉	sihjg
𨲠	sitgm
𨳉	anno
𨳶	anrup
𨴅	anhll
𨴕	anbbm
𨶟	ansys
𨶡	anyrp
𨶱	anttj
𨷅	anwgg
𨷊	annyk
𨷒	anumo
𨷡	angim
𨸔	nlhni
𨸛	nlon
𨸝	nlhup
𨸯	nlhio
𨸲	nljb
𨹛	nysg
𨹵	nlfou
𨹼	nlypd
𨺫	hxohr
𨻓	nlyvr
𨻛	nlmsb
𨻪	hruce
𨻸	nlsya
𨻾	hlooj
𨻿	hrsya
𨼀	nlybq
𨼦	nloog
𨽘	hyxv
𨽥	nlylf
𨾗	ogvnk
𨾾	hyuog
𨿠	hgog
𨿰	frog
𩀚	wyog
𩀵	tqog
𩁅	omog
𩁧	hyuog
𩁫	fotrg
𩁭	kgsyg
𩁰	oottb
𩂇	mbomn
𩂒	mbmsu
𩂡	mbhio
𩂬	mbwp
𩂳	mbmtm
𩃒	mbhjg
𩃥	mbohb
𩄀	mbkmv
𩄘	mbciy
𩄝	mbtgm
𩄥	mbsuu
𩄸	mboge
𩅅	mbehj
𩅏	mbwoi
𩅐	mbrrv
𩅱	mbkjn
𩇀	mbhmv
𩇝	yqbu
𩇟	yqbu
𩇧	lmyny
𩇨	lyloo
𩈉	mwhbu
𩈖	mwomi
𩈣	mwonr
𩉬	tjhup
𩊂	tjomi
𩊅	tjhll
𩊟	tjblb
𩊳	mntlj
𩋍	tjoho
𩋏	tjonp
𩋑	tjkid
𩌇	tjasy
𩌢	tjtgm
𩌭	tjsyh
𩍪	tjsyg
𩍫	tjbge
𩎙	dqiu
𩎩	dqdbs
𩎸	dqfou
𩏁	dqmid
𩏉	ywde
𩐊	jlmom
𩐓	yoglm
𩐛	yamln
𩐧	yaonr
𩐭	yaonp
𩑀	yatmo
𩑃	yatmd
𩑝	huslc
𩓥	humbc
𩔚	cymbc
𩔰	ammbc
𩖀	qombc
𩖦	hnomn
𩖴	hnhll
𩖵	hnomi
𩗍	hnsyy
𩗰	hnhjg
𩘑	hntkb
𩘕	tbhni
𩘞	hnoud
𩘭	hntgg
𩘱	hnyyj
𩘴	hnsya
𩙎	hnrrg
𩙑	hnvvu
𩙱	noylo
𩚇	ovt
𩚏	niomv
𩚓	vvomv
𩚕	oiomn
𩚗	oibhu
𩚜	onomv
𩚤	oion
𩚨	oihlm
𩚴	nuomv
𩚷	ytomv
𩚹	oiomi
𩚻	ynomv
𩛁	hlomv
𩛈	ynomv
𩛒	ovomv
𩛗	vuomv
𩛛	ovtc
𩛢	okomv
𩛭	oikib
𩛮	oiolo
𩛳	dnomv
𩛻	seomv
𩜀	oihjg
𩜇	oifou
𩜒	nstgv
𩜔	heomv
𩜕	nsomv
𩜞	oihml
𩜢	ykomv
𩜬	seomv
𩜲	oitgp
𩜸	ikomv
𩜾	hnomv
𩝣	oiasy
𩝦	yoomv
𩝩	jmomv
𩝫	viomv
𩝲	oiyiw
𩝵	rromv
𩞁	idomv
𩞂	ruomv
𩞇	ipomv
𩞌	doomv
𩞎	tmomv
𩞐	hoomv
𩞚	huomv
𩞟	viomv
𩞠	vgomv
𩞣	rbomv
𩞤	ykomv
𩞨	mdomv
𩞺	boomv
𩟖	oinau
𩟗	elomv
𩟙	oigig
𩟨	bromv
𩟷	vgomv
𩟸	jromv
𩠻	haomn
𩡁	haomi
𩡂	hahyo
𩡓	haciy
𩡥	hajlf
𩡹	sfon
𩢍	sfhio
𩢥	kbsqf
𩢳	sysqf
𩣊	sfihi
𩣛	sfhup
𩣶	abssf
𩣷	hgsqf
𩣹	sussf
𩣻	tkssf
𩤤	mwssf
𩤦	vvssf
𩥋	sfssf
𩥑	sfasy
𩥛	sfciy
𩥱	sffoe
𩦋	sfvio
𩦕	sfgit
𩦛	ogsqf
𩦬	sffoo
𩦶	yufof
𩦷	sfgig
𩦻	ovrbn
𩧆	sfvvu
𩧔	fcssf
𩧖	sfhjf
𩧡	bessf
𩧣	sfynj
𩨗	bbmks
𩨰	bhqo
𩩁	bbkiu
𩩊	bbonr
𩩞	bbhjg
𩩣	bbkib
𩩶	bbomv
𩪀	bbyrr
𩪛	bbtmo
𩪤	bbtmd
𩪳	bboom
𩫪	yjhjj
𩬁	shhup
𩬔	shomi
𩬡	shhlm
𩬱	shhyo
𩭘	sgddh
𩭦	shhjg
𩭮	shonp
𩮍	shomv
𩯏	shtmo
𩯸	shoom
𩰙	lnory
𩱁	tgcmb
𩱋	tgfb
𩱡	nnrmb
𩲩	hiomi
𩲿	hifhs
𩳖	hibuc
𩳝	hrhi
𩴐	hiyyj
𩴪	vohi
𩴴	hitlg
𩶍	nflks
𩶠	fnbrv
𩶭	fnrvk
𩷮	nfkiv
𩷼	nffos
𩸂	nfchp
𩹅	nftkb
𩹵	yolnl
𩺃	tghmf
𩺭	nffoe
𩺰	nwff
𩺷	nfwtq
𩻅	nfgim
𩻵	nfory
𩼋	nftmd
𩼖	nfytc
𩽞	nfweh
𩽠	nfgif
𩾏	mhaf
𩾞	knhaf
𩾱	hfhul
𩿈	chhaf
𩿠	hfiu
𩿨	hmhaf
𩿴	hfny
𩿶	kbhaf
𪀲	fohaf
𪁲	yhhaf
𪃘	grhaf
𪃤	vkhaf
𪃳	tkbf
𪄄	ybrf
𪄍	rlhaf
𪄾	vkhaf
𪅇	twbhf
𪅡	hfsyh
𪅯	ysff
𪅲	oyhaf
𪅹	hfvio
𪅻	hyfof
𪆓	vfhaf
𪇹	vuhaf
𪇿	vghaf
𪈊	mbhaf
𪉡	ywohm
𪉤	tghw
𪉵	tghw
𪉷	ywal
𪊔	ipmml
𪊖	ipphh
𪋃	ipyru
𪋋	iphjj
𪋜	ipwtq
𪋡	iptmo
𪋫	iptmd
𪋭	mpomi
𪋺	iphub
𪌇	jeon
𪌝	jeiu
𪌿	jeonp
𪍪	jewtq
𪎞	idkb
𪎣	idkiv
𪎽	tckiu
𪏞	tcihm
𪏥	tqtmc
𪏧	tcsye
𪏰	hea
𪏽	hetm
𪐂	hefou
𪐸	wfomi
𪑡	wfonp
𪒃	wfihm
𪒢	wftmo
𪒿	wffof
𪓏	retmb
𪓕	ruea
𪓛	kbrxu
𪓝	hrue
𪓨	hapu
𪓻	nwlu
𪔂	buvhs
𪔛	gehyo
𪔥	lxgte
𪔱	geelx
𪔸	husm
𪔺	hushi
𪔻	huok
𪔼	huno
𪔽	huhbu
𪔾	humt
𪔿	huye
𪕀	hummu
𪕁	hubhn
𪕂	huhne
𪕃	huyhs
𪕄	huhbm
𪕆	huno
𪕈	hua
𪕉	huhfd
𪕊	yphxu
𪕋	huhll
𪕌	huomi
𪕍	hubr
𪕎	hujhu
𪕏	hujc
𪕑	huymp
𪕒	hutt
𪕓	hufmu
𪕔	husj
𪕗	fuhxu
𪕘	hrhxu
𪕙	hubmr
𪕚	humls
𪕛	huonr
𪕜	hurvk
𪕝	huryo
𪕞	huice
𪕟	huoik
𪕡	mrhxu
𪕤	huav
𪕧	hucnh
𪕨	huhxu
𪕩	huaph
𪕪	oghxu
𪕫	huamh
𪕬	huybb
𪕭	huapv
𪕮	jrbhu
𪕯	humbc
𪕱	hujrb
𪕵	huagi
𪕶	hutct
𪕷	gehxu
𪕸	guhne
𪕹	huilr
𪕺	hubhi
𪕽	huhye
𪕾	hupuu
𪖀	hufog
𪖁	huhoo
𪖂	huyub
𪖃	hugue
𪖅	hujtc
𪖆	hunoe
𪖇	huhdw
𪖈	hutmo
𪖋	hugig
𪖌	huypt
𪖍	humdm
𪖎	huoim
𪖏	hubug
𪖛	hlhlm
𪖶	hlyyj
𪖷	hlsyh
𪖻	hthup
𪗎	yohnc
𪗐	yowca
𪗟	yuon
𪗲	cwomi
𪘒	yuonr
𪙉	yutgm
𪙧	yuvio
𪙷	yuvvu
𪙸	yuoom
𪚍	yutgm
𪚎	yoyuu
𪚕	onybp
𪚙	oiybp
𪚥	ypypp
𪚧	nusml
𪚨	jcmxu
𪚬	nuomn
𪚺	nuhlm
𪚻	kbnxu
𪚾	nusmc
𪚿	nusmj
𪛃	nusrr
𪛑	fvomb
勇	nwks
吆	rhi
咢	rrmjs
屮	ul
弢	nue
慈	tvip
晉	mta
芳	uuyhs
䕫	tyue
蜨	liyso
貫	wybuc
